function	unsupported parameter type
fftw_alloc_complex	size_t
fftw_alloc_real	size_t
fftw_export_wisdom	fftw_write_char_func
fftw_export_wisdom_to_file	FILE *
fftw_fprint_plan	FILE *
fftw_free	void *
fftw_import_wisdom	fftw_read_char_func
fftw_import_wisdom_from_file	FILE *
fftw_malloc	size_t
fftw_plan_guru64_dft	fftw_iodim64 *
fftw_plan_guru64_dft_c2r	fftw_iodim64 *
fftw_plan_guru64_dft_r2c	fftw_iodim64 *
fftw_plan_guru64_r2r	fftw_iodim64 *
fftw_plan_guru64_split_dft	fftw_iodim64 *
fftw_plan_guru64_split_dft_c2r	fftw_iodim64 *
fftw_plan_guru64_split_dft_r2c	fftw_iodim64 *
fftw_plan_guru_dft	fftw_iodim *
fftw_plan_guru_dft_c2r	fftw_iodim *
fftw_plan_guru_dft_r2c	fftw_iodim *
fftw_plan_guru_r2r	fftw_iodim *
fftw_plan_guru_split_dft	fftw_iodim *
fftw_plan_guru_split_dft_c2r	fftw_iodim *
fftw_plan_guru_split_dft_r2c	fftw_iodim *
fftw_plan_many_r2r	fftw_r2r_kind *
fftw_plan_r2r	fftw_r2r_kind *
fftw_plan_r2r_1d	fftw_r2r_kind
fftw_plan_r2r_2d	fftw_r2r_kind
fftw_plan_r2r_3d	fftw_r2r_kind
fftw_threads_set_callback	void (*)(void *(*)(char *), char *, size_t, int, void *)
