driver	coverage symbol
bli_abort	bli_abort
bli_absqsc	bli_absqsc
bli_absqsc_check	bli_absqsc_check
bli_absqsc_qfp	bli_absqsc_qfp
bli_acquire_mij	bli_acquire_mij
bli_acquire_mpart	bli_acquire_mpart
bli_acquire_mpart_b2t	bli_acquire_mpart_b2t
bli_acquire_mpart_br2tl	bli_acquire_mpart_br2tl
bli_acquire_mpart_l2r	bli_acquire_mpart_l2r
bli_acquire_mpart_l2r_check	bli_acquire_mpart_l2r_check
bli_acquire_mpart_mdim	bli_acquire_mpart_mdim
bli_acquire_mpart_mndim	bli_acquire_mpart_mndim
bli_acquire_mpart_ndim	bli_acquire_mpart_ndim
bli_acquire_mpart_r2l	bli_acquire_mpart_r2l
bli_acquire_mpart_t2b	bli_acquire_mpart_t2b
bli_acquire_mpart_t2b_check	bli_acquire_mpart_t2b_check
bli_acquire_mpart_tl2br	bli_acquire_mpart_tl2br
bli_acquire_mpart_tl2br_check	bli_acquire_mpart_tl2br_check
bli_acquire_vi	bli_acquire_vi
bli_acquire_vpart_b2f	bli_acquire_vpart_b2f
bli_acquire_vpart_f2b	bli_acquire_vpart_f2b
bli_addd	bli_addd
bli_addd_check	bli_addd_check
bli_addd_ex	bli_addd_ex
bli_addd_ex_qfp	bli_addd_ex_qfp
bli_addm	bli_addm
bli_addm_check	bli_addm_check
bli_addm_ex	bli_addm_ex
bli_addm_ex_qfp	bli_addm_ex_qfp
bli_addsc	bli_addsc
bli_addsc_check	bli_addsc_check
bli_addsc_qfp	bli_addsc_qfp
bli_addv	bli_addv
bli_addv_check	bli_addv_check
bli_addv_ex	bli_addv_ex
bli_addv_ex_qfp	bli_addv_ex_qfp
bli_adjust_strides	bli_adjust_strides
bli_align_dim_to_mult	bli_align_dim_to_mult
bli_align_dim_to_size	bli_align_dim_to_size
bli_amaxv	bli_amaxv
bli_amaxv_check	bli_amaxv_check
bli_amaxv_ex	bli_amaxv_ex
bli_amaxv_ex_qfp	bli_amaxv_ex_qfp
bli_apool_array_elem	bli_apool_array_elem
bli_apool_checkin_array	bli_apool_checkin_array
bli_apool_checkout_array	bli_apool_checkout_array
bli_apool_def_array_len	bli_apool_def_array_len
bli_apool_finalize	bli_apool_finalize
bli_apool_free_block	bli_apool_free_block
bli_apool_grow	bli_apool_grow
bli_apool_init	bli_apool_init
bli_apool_is_exhausted	bli_apool_is_exhausted
bli_apool_lock	bli_apool_lock
bli_apool_mutex	bli_apool_mutex
bli_apool_pool	bli_apool_pool
bli_apool_set_def_array_len	bli_apool_set_def_array_len
bli_apool_unlock	bli_apool_unlock
bli_apply_conj	bli_apply_conj
bli_apply_trans	bli_apply_trans
bli_arch_get_logging	bli_arch_get_logging
bli_arch_log	bli_arch_log
bli_arch_query_id	bli_arch_query_id
bli_arch_query_id_impl	bli_arch_query_id_impl
bli_arch_set_id	bli_arch_set_id
bli_arch_set_id_once	bli_arch_set_id_once
bli_arch_set_logging	bli_arch_set_logging
bli_arch_string	bli_arch_string
bli_array_buf	bli_array_buf
bli_array_elem	bli_array_elem
bli_array_elem_size	bli_array_elem_size
bli_array_finalize	bli_array_finalize
bli_array_init	bli_array_init
bli_array_num_elem	bli_array_num_elem
bli_array_resize	bli_array_resize
bli_array_set_elem_size	bli_array_set_elem_size
bli_array_set_num_elem	bli_array_set_num_elem
bli_asumv	bli_asumv
bli_asumv_check	bli_asumv_check
bli_asumv_ex	bli_asumv_ex
bli_asumv_ex_qfp	bli_asumv_ex_qfp
bli_axpbyv	bli_axpbyv
bli_axpbyv_check	bli_axpbyv_check
bli_axpbyv_ex	bli_axpbyv_ex
bli_axpbyv_ex_qfp	bli_axpbyv_ex_qfp
bli_axpy2v	bli_axpy2v
bli_axpy2v_check	bli_axpy2v_check
bli_axpy2v_ex	bli_axpy2v_ex
bli_axpy2v_ex_qfp	bli_axpy2v_ex_qfp
bli_axpyd	bli_axpyd
bli_axpyd_check	bli_axpyd_check
bli_axpyd_ex	bli_axpyd_ex
bli_axpyd_ex_qfp	bli_axpyd_ex_qfp
bli_axpyf	bli_axpyf
bli_axpyf_check	bli_axpyf_check
bli_axpyf_ex	bli_axpyf_ex
bli_axpyf_ex_qfp	bli_axpyf_ex_qfp
bli_axpym	bli_axpym
bli_axpym_check	bli_axpym_check
bli_axpym_ex	bli_axpym_ex
bli_axpym_ex_qfp	bli_axpym_ex_qfp
bli_axpyv	bli_axpyv
bli_axpyv_check	bli_axpyv_check
bli_axpyv_ex	bli_axpyv_ex
bli_axpyv_ex_qfp	bli_axpyv_ex_qfp
bli_blksz_copy	bli_blksz_copy
bli_blksz_copy_def_dt	bli_blksz_copy_def_dt
bli_blksz_copy_dt	bli_blksz_copy_dt
bli_blksz_copy_if_nonneg	bli_blksz_copy_if_nonneg
bli_blksz_copy_max_dt	bli_blksz_copy_max_dt
bli_blksz_create	bli_blksz_create
bli_blksz_create_ed	bli_blksz_create_ed
bli_blksz_free	bli_blksz_free
bli_blksz_get_def	bli_blksz_get_def
bli_blksz_get_max	bli_blksz_get_max
bli_blksz_init	bli_blksz_init
bli_blksz_init_easy	bli_blksz_init_easy
bli_blksz_init_ed	bli_blksz_init_ed
bli_blksz_reduce_def_to	bli_blksz_reduce_def_to
bli_blksz_reduce_max_to	bli_blksz_reduce_max_to
bli_blksz_scale_def	bli_blksz_scale_def
bli_blksz_scale_def_max	bli_blksz_scale_def_max
bli_blksz_scale_max	bli_blksz_scale_max
bli_blksz_set_def	bli_blksz_set_def
bli_blksz_set_max	bli_blksz_set_max
bli_castm	bli_castm
bli_castm_check	bli_castm_check
bli_castnzm	bli_castnzm
bli_castnzm_check	bli_castnzm_check
bli_castv	bli_castv
bli_castv_check	bli_castv_check
bli_check_conformal_dims	bli_check_conformal_dims
bli_check_consistent_datatypes	bli_check_consistent_datatypes
bli_check_consistent_object_datatypes	bli_check_consistent_object_datatypes
bli_check_consistent_object_precisions	bli_check_consistent_object_precisions
bli_check_consistent_precisions	bli_check_consistent_precisions
bli_check_datatype_real_proj_of	bli_check_datatype_real_proj_of
bli_check_equal_vector_lengths	bli_check_equal_vector_lengths
bli_check_error_code_helper	bli_check_error_code_helper
bli_check_floating_datatype	bli_check_floating_datatype
bli_check_floating_object	bli_check_floating_object
bli_check_general_object	bli_check_general_object
bli_check_hermitian_object	bli_check_hermitian_object
bli_check_if_exhausted_pool	bli_check_if_exhausted_pool
bli_check_initialized_gks_cntx	bli_check_initialized_gks_cntx
bli_check_integer_datatype	bli_check_integer_datatype
bli_check_integer_object	bli_check_integer_object
bli_check_level3_dims	bli_check_level3_dims
bli_check_matrix_object	bli_check_matrix_object
bli_check_matrix_strides	bli_check_matrix_strides
bli_check_nonconstant_datatype	bli_check_nonconstant_datatype
bli_check_nonconstant_object	bli_check_nonconstant_object
bli_check_noninteger_datatype	bli_check_noninteger_datatype
bli_check_noninteger_object	bli_check_noninteger_object
bli_check_nonunit_diag	bli_check_nonunit_diag
bli_check_object_alias_of	bli_check_object_alias_of
bli_check_object_buffer	bli_check_object_buffer
bli_check_object_diag_offset_equals	bli_check_object_diag_offset_equals
bli_check_object_length_equals	bli_check_object_length_equals
bli_check_object_real_proj_of	bli_check_object_real_proj_of
bli_check_object_struc	bli_check_object_struc
bli_check_object_valid_datatype	bli_check_object_valid_datatype
bli_check_object_width_equals	bli_check_object_width_equals
bli_check_packm_schema_on_unpack	bli_check_packm_schema_on_unpack
bli_check_packv_schema_on_unpack	bli_check_packv_schema_on_unpack
bli_check_real_datatype	bli_check_real_datatype
bli_check_real_object	bli_check_real_object
bli_check_real_valued_object	bli_check_real_valued_object
bli_check_scalar_object	bli_check_scalar_object
bli_check_square_object	bli_check_square_object
bli_check_sufficient_stack_buf_size	bli_check_sufficient_stack_buf_size
bli_check_symmetric_object	bli_check_symmetric_object
bli_check_triangular_object	bli_check_triangular_object
bli_check_upper_or_lower_object	bli_check_upper_or_lower_object
bli_check_valid_1x3_subpart	bli_check_valid_1x3_subpart
bli_check_valid_3x1_subpart	bli_check_valid_3x1_subpart
bli_check_valid_3x3_subpart	bli_check_valid_3x3_subpart
bli_check_valid_arch_id	bli_check_valid_arch_id
bli_check_valid_datatype	bli_check_valid_datatype
bli_check_valid_diag	bli_check_valid_diag
bli_check_valid_error_level	bli_check_valid_error_level
bli_check_valid_kc_mod_mult	bli_check_valid_kc_mod_mult
bli_check_valid_mc_mod_mult	bli_check_valid_mc_mod_mult
bli_check_valid_mr_even	bli_check_valid_mr_even
bli_check_valid_nc_mod_mult	bli_check_valid_nc_mod_mult
bli_check_valid_nr_even	bli_check_valid_nr_even
bli_check_valid_packbuf	bli_check_valid_packbuf
bli_check_valid_side	bli_check_valid_side
bli_check_valid_trans	bli_check_valid_trans
bli_check_valid_uplo	bli_check_valid_uplo
bli_check_vector_dim_equals	bli_check_vector_dim_equals
bli_check_vector_object	bli_check_vector_object
bli_clock	bli_clock
bli_clock_helper	bli_clock_helper
bli_clock_min_diff	bli_clock_min_diff
bli_cntl_attach_sub_node	bli_cntl_attach_sub_node
bli_cntl_clear_node	bli_cntl_clear_node
bli_cntl_init_node	bli_cntl_init_node
bli_cntl_insert_sub_node	bli_cntl_insert_sub_node
bli_cntl_is_leaf	bli_cntl_is_leaf
bli_cntl_set_sub_node	bli_cntl_set_sub_node
bli_cntl_set_var_func	bli_cntl_set_var_func
bli_cntl_set_ways	bli_cntl_set_ways
bli_cntl_sub_node	bli_cntl_sub_node
bli_cntl_var_func	bli_cntl_var_func
bli_cntl_ways	bli_cntl_ways
bli_cntx_dislikes_storage_of	bli_cntx_dislikes_storage_of
bli_cntx_free	bli_cntx_free
bli_cntx_get_l3_sup_blksz_def_dt	bli_cntx_get_l3_sup_blksz_def_dt
bli_cntx_get_l3_sup_blksz_max_dt	bli_cntx_get_l3_sup_blksz_max_dt
bli_cntx_get_l3_sup_handler	bli_cntx_get_l3_sup_handler
bli_cntx_get_l3_sup_ker_dt	bli_cntx_get_l3_sup_ker_dt
bli_cntx_init	bli_cntx_init
bli_cntx_init_generic	bli_cntx_init_generic
bli_cntx_init_generic_ind	bli_cntx_init_generic_ind
bli_cntx_init_generic_ref	bli_cntx_init_generic_ref
bli_cntx_l3_sup_thresh_is_met	bli_cntx_l3_sup_thresh_is_met
bli_cntx_prefers_storage_of	bli_cntx_prefers_storage_of
bli_cntx_print	bli_cntx_print
bli_cntx_set_blkszs	bli_cntx_set_blkszs
bli_cntx_set_l3_sup_handler	bli_cntx_set_l3_sup_handler
bli_cntx_set_l3_sup_handlers	bli_cntx_set_l3_sup_handlers
bli_cntx_set_ukr2s	bli_cntx_set_ukr2s
bli_cntx_set_ukr_prefs	bli_cntx_set_ukr_prefs
bli_cntx_set_ukrs	bli_cntx_set_ukrs
bli_cntx_ukr_prefers_cols_dt	bli_cntx_ukr_prefers_cols_dt
bli_cntx_ukr_prefers_rows_dt	bli_cntx_ukr_prefers_rows_dt
bli_conj_toggled	bli_conj_toggled
bli_const_finalize	bli_const_finalize
bli_const_init	bli_const_init
bli_copyd	bli_copyd
bli_copyd_check	bli_copyd_check
bli_copyd_ex	bli_copyd_ex
bli_copyd_ex_qfp	bli_copyd_ex_qfp
bli_copym	bli_copym
bli_copym_check	bli_copym_check
bli_copym_ex	bli_copym_ex
bli_copym_ex_qfp	bli_copym_ex_qfp
bli_copysc	bli_copysc
bli_copysc_check	bli_copysc_check
bli_copyv	bli_copyv
bli_copyv_check	bli_copyv_check
bli_copyv_ex	bli_copyv_ex
bli_copyv_ex_qfp	bli_copyv_ex_qfp
bli_cpuid_query_id	bli_cpuid_query_id
bli_dabsqsc	bli_dabsqsc
bli_daddd	bli_daddd
bli_daddd_ex	bli_daddd_ex
bli_daddm	bli_daddm
bli_daddm_ex	bli_daddm_ex
bli_daddm_unb_var1	bli_daddm_unb_var1
bli_daddsc	bli_daddsc
bli_daddv	bli_daddv
bli_daddv_ex	bli_daddv_ex
bli_damaxv	bli_damaxv
bli_damaxv_ex	bli_damaxv_ex
bli_dasumv	bli_dasumv
bli_dasumv_ex	bli_dasumv_ex
bli_dasumv_unb_var1	bli_dasumv_unb_var1
bli_daxpbyv	bli_daxpbyv
bli_daxpbyv_ex	bli_daxpbyv_ex
bli_daxpy2v	bli_daxpy2v
bli_daxpy2v_ex	bli_daxpy2v_ex
bli_daxpyd	bli_daxpyd
bli_daxpyd_ex	bli_daxpyd_ex
bli_daxpyf	bli_daxpyf
bli_daxpyf_ex	bli_daxpyf_ex
bli_daxpym	bli_daxpym
bli_daxpym_ex	bli_daxpym_ex
bli_daxpym_unb_var1	bli_daxpym_unb_var1
bli_daxpyv	bli_daxpyv
bli_daxpyv_ex	bli_daxpyv_ex
bli_dcopyd	bli_dcopyd
bli_dcopyd_ex	bli_dcopyd_ex
bli_dcopym	bli_dcopym
bli_dcopym_ex	bli_dcopym_ex
bli_dcopym_unb_var1	bli_dcopym_unb_var1
bli_dcopyv	bli_dcopyv
bli_dcopyv_ex	bli_dcopyv_ex
bli_ddcast	bli_ddcast
bli_ddivsc	bli_ddivsc
bli_ddotaxpyv	bli_ddotaxpyv
bli_ddotaxpyv_ex	bli_ddotaxpyv_ex
bli_ddotv	bli_ddotv
bli_ddotv_ex	bli_ddotv_ex
bli_ddotxaxpyf	bli_ddotxaxpyf
bli_ddotxaxpyf_ex	bli_ddotxaxpyf_ex
bli_ddotxf	bli_ddotxf
bli_ddotxf_ex	bli_ddotxf_ex
bli_ddotxv	bli_ddotxv
bli_ddotxv_ex	bli_ddotxv_ex
bli_ddxpbym_md	bli_ddxpbym_md
bli_ddxpbym_md_ex	bli_ddxpbym_md_ex
bli_ddxpbym_md_unb_var1	bli_ddxpbym_md_unb_var1
bli_deqm	bli_deqm
bli_deqm_unb_var1	bli_deqm_unb_var1
bli_deqsc	bli_deqsc
bli_deqv	bli_deqv
bli_deqv_unb_var1	bli_deqv_unb_var1
bli_determine_blocksize	bli_determine_blocksize
bli_determine_blocksize_dim_b	bli_determine_blocksize_dim_b
bli_determine_blocksize_dim_f	bli_determine_blocksize_dim_f
bli_dgemm	bli_dgemm
bli_dgemm_ex	bli_dgemm_ex
bli_dgemmt	bli_dgemmt
bli_dgemmt_ex	bli_dgemmt_ex
bli_dgemv	bli_dgemv
bli_dgemv_ex	bli_dgemv_ex
bli_dgemv_unb_var1	bli_dgemv_unb_var1
bli_dgemv_unb_var2	bli_dgemv_unb_var2
bli_dgemv_unf_var1	bli_dgemv_unf_var1
bli_dgemv_unf_var2	bli_dgemv_unf_var2
bli_dger	bli_dger
bli_dger_ex	bli_dger_ex
bli_dger_unb_var1	bli_dger_unb_var1
bli_dger_unb_var2	bli_dger_unb_var2
bli_dgesc	bli_dgesc
bli_dgetijm	bli_dgetijm
bli_dgetijv	bli_dgetijv
bli_dgetsc	bli_dgetsc
bli_dgtsc	bli_dgtsc
bli_dhemm	bli_dhemm
bli_dhemm_ex	bli_dhemm_ex
bli_dhemv	bli_dhemv
bli_dhemv_ex	bli_dhemv_ex
bli_dhemv_unb_var1	bli_dhemv_unb_var1
bli_dhemv_unb_var2	bli_dhemv_unb_var2
bli_dhemv_unb_var3	bli_dhemv_unb_var3
bli_dhemv_unb_var4	bli_dhemv_unb_var4
bli_dhemv_unf_var1	bli_dhemv_unf_var1
bli_dhemv_unf_var1a	bli_dhemv_unf_var1a
bli_dhemv_unf_var3	bli_dhemv_unf_var3
bli_dhemv_unf_var3a	bli_dhemv_unf_var3a
bli_dher	bli_dher
bli_dher2	bli_dher2
bli_dher2_ex	bli_dher2_ex
bli_dher2_unb_var1	bli_dher2_unb_var1
bli_dher2_unb_var2	bli_dher2_unb_var2
bli_dher2_unb_var3	bli_dher2_unb_var3
bli_dher2_unb_var4	bli_dher2_unb_var4
bli_dher2_unf_var1	bli_dher2_unf_var1
bli_dher2_unf_var4	bli_dher2_unf_var4
bli_dher2k	bli_dher2k
bli_dher2k_ex	bli_dher2k_ex
bli_dher_ex	bli_dher_ex
bli_dher_unb_var1	bli_dher_unb_var1
bli_dher_unb_var2	bli_dher_unb_var2
bli_dherk	bli_dherk
bli_dherk_ex	bli_dherk_ex
bli_diag_offset_with_trans	bli_diag_offset_with_trans
bli_dicast	bli_dicast
bli_dim_toggled	bli_dim_toggled
bli_dinvertd	bli_dinvertd
bli_dinvertd_ex	bli_dinvertd_ex
bli_dinvertsc	bli_dinvertsc
bli_dinvertv	bli_dinvertv
bli_dinvertv_ex	bli_dinvertv_ex
bli_dinvscald	bli_dinvscald
bli_dinvscald_ex	bli_dinvscald_ex
bli_dinvscalm	bli_dinvscalm
bli_dinvscalm_ex	bli_dinvscalm_ex
bli_dinvscalm_unb_var1	bli_dinvscalm_unb_var1
bli_dinvscalv	bli_dinvscalv
bli_dinvscalv_ex	bli_dinvscalv_ex
bli_divsc	bli_divsc
bli_divsc_check	bli_divsc_check
bli_divsc_qfp	bli_divsc_qfp
bli_dlesc	bli_dlesc
bli_dltsc	bli_dltsc
bli_dmkherm	bli_dmkherm
bli_dmkherm_ex	bli_dmkherm_ex
bli_dmkherm_unb_var1	bli_dmkherm_unb_var1
bli_dmksymm	bli_dmksymm
bli_dmksymm_ex	bli_dmksymm_ex
bli_dmksymm_unb_var1	bli_dmksymm_unb_var1
bli_dmktrim	bli_dmktrim
bli_dmktrim_ex	bli_dmktrim_ex
bli_dmktrim_unb_var1	bli_dmktrim_unb_var1
bli_dmulsc	bli_dmulsc
bli_dnorm1m	bli_dnorm1m
bli_dnorm1m_ex	bli_dnorm1m_ex
bli_dnorm1m_unb_var1	bli_dnorm1m_unb_var1
bli_dnorm1v	bli_dnorm1v
bli_dnorm1v_ex	bli_dnorm1v_ex
bli_dnorm1v_unb_var1	bli_dnorm1v_unb_var1
bli_dnormfm	bli_dnormfm
bli_dnormfm_ex	bli_dnormfm_ex
bli_dnormfm_unb_var1	bli_dnormfm_unb_var1
bli_dnormfsc	bli_dnormfsc
bli_dnormfv	bli_dnormfv
bli_dnormfv_ex	bli_dnormfv_ex
bli_dnormfv_unb_var1	bli_dnormfv_unb_var1
bli_dnormim	bli_dnormim
bli_dnormim_ex	bli_dnormim_ex
bli_dnormim_unb_var1	bli_dnormim_unb_var1
bli_dnormiv	bli_dnormiv
bli_dnormiv_ex	bli_dnormiv_ex
bli_dnormiv_unb_var1	bli_dnormiv_unb_var1
bli_does_conj	bli_does_conj
bli_does_noconj	bli_does_noconj
bli_does_notrans	bli_does_notrans
bli_does_trans	bli_does_trans
bli_dotaxpyv	bli_dotaxpyv
bli_dotaxpyv_check	bli_dotaxpyv_check
bli_dotaxpyv_ex	bli_dotaxpyv_ex
bli_dotaxpyv_ex_qfp	bli_dotaxpyv_ex_qfp
bli_dotv	bli_dotv
bli_dotv_check	bli_dotv_check
bli_dotv_ex	bli_dotv_ex
bli_dotv_ex_qfp	bli_dotv_ex_qfp
bli_dotxaxpyf	bli_dotxaxpyf
bli_dotxaxpyf_check	bli_dotxaxpyf_check
bli_dotxaxpyf_ex	bli_dotxaxpyf_ex
bli_dotxaxpyf_ex_qfp	bli_dotxaxpyf_ex_qfp
bli_dotxf	bli_dotxf
bli_dotxf_check	bli_dotxf_check
bli_dotxf_ex	bli_dotxf_ex
bli_dotxf_ex_qfp	bli_dotxf_ex_qfp
bli_dotxv	bli_dotxv
bli_dotxv_check	bli_dotxv_check
bli_dotxv_ex	bli_dotxv_ex
bli_dotxv_ex_qfp	bli_dotxv_ex_qfp
bli_drandm	bli_drandm
bli_drandm_ex	bli_drandm_ex
bli_drandm_unb_var1	bli_drandm_unb_var1
bli_drandnm	bli_drandnm
bli_drandnm_ex	bli_drandnm_ex
bli_drandnm_unb_var1	bli_drandnm_unb_var1
bli_drandnv	bli_drandnv
bli_drandnv_ex	bli_drandnv_ex
bli_drandnv_unb_var1	bli_drandnv_unb_var1
bli_drandv	bli_drandv
bli_drandv_ex	bli_drandv_ex
bli_drandv_unb_var1	bli_drandv_unb_var1
bli_dscal2d	bli_dscal2d
bli_dscal2d_ex	bli_dscal2d_ex
bli_dscal2m	bli_dscal2m
bli_dscal2m_ex	bli_dscal2m_ex
bli_dscal2m_unb_var1	bli_dscal2m_unb_var1
bli_dscal2v	bli_dscal2v
bli_dscal2v_ex	bli_dscal2v_ex
bli_dscald	bli_dscald
bli_dscald_ex	bli_dscald_ex
bli_dscalm	bli_dscalm
bli_dscalm_ex	bli_dscalm_ex
bli_dscalm_unb_var1	bli_dscalm_unb_var1
bli_dscalv	bli_dscalv
bli_dscalv_ex	bli_dscalv_ex
bli_dscast	bli_dscast
bli_dsetd	bli_dsetd
bli_dsetd_ex	bli_dsetd_ex
bli_dsetid	bli_dsetid
bli_dsetid_ex	bli_dsetid_ex
bli_dsetijm	bli_dsetijm
bli_dsetijv	bli_dsetijv
bli_dsetm	bli_dsetm
bli_dsetm_ex	bli_dsetm_ex
bli_dsetm_unb_var1	bli_dsetm_unb_var1
bli_dsetsc	bli_dsetsc
bli_dsetv	bli_dsetv
bli_dsetv_ex	bli_dsetv_ex
bli_dshiftd	bli_dshiftd
bli_dshiftd_ex	bli_dshiftd_ex
bli_dsqrtrsc	bli_dsqrtrsc
bli_dsqrtsc	bli_dsqrtsc
bli_dsubd	bli_dsubd
bli_dsubd_ex	bli_dsubd_ex
bli_dsubm	bli_dsubm
bli_dsubm_ex	bli_dsubm_ex
bli_dsubm_unb_var1	bli_dsubm_unb_var1
bli_dsubsc	bli_dsubsc
bli_dsubv	bli_dsubv
bli_dsubv_ex	bli_dsubv_ex
bli_dsumsqv	bli_dsumsqv
bli_dsumsqv_ex	bli_dsumsqv_ex
bli_dsumsqv_unb_var1	bli_dsumsqv_unb_var1
bli_dswapv	bli_dswapv
bli_dswapv_ex	bli_dswapv_ex
bli_dsxpbym_md	bli_dsxpbym_md
bli_dsxpbym_md_ex	bli_dsxpbym_md_ex
bli_dsxpbym_md_unb_var1	bli_dsxpbym_md_unb_var1
bli_dsymm	bli_dsymm
bli_dsymm_ex	bli_dsymm_ex
bli_dsymv	bli_dsymv
bli_dsymv_ex	bli_dsymv_ex
bli_dsyr	bli_dsyr
bli_dsyr2	bli_dsyr2
bli_dsyr2_ex	bli_dsyr2_ex
bli_dsyr2k	bli_dsyr2k
bli_dsyr2k_ex	bli_dsyr2k_ex
bli_dsyr_ex	bli_dsyr_ex
bli_dsyrk	bli_dsyrk
bli_dsyrk_ex	bli_dsyrk_ex
bli_dt_dom_is_complex	bli_dt_dom_is_complex
bli_dt_dom_is_real	bli_dt_dom_is_real
bli_dt_domain	bli_dt_domain
bli_dt_prec	bli_dt_prec
bli_dt_prec_is_double	bli_dt_prec_is_double
bli_dt_prec_is_single	bli_dt_prec_is_single
bli_dt_proj_to_complex	bli_dt_proj_to_complex
bli_dt_proj_to_double_prec	bli_dt_proj_to_double_prec
bli_dt_proj_to_real	bli_dt_proj_to_real
bli_dt_proj_to_single_prec	bli_dt_proj_to_single_prec
bli_dt_size	bli_dt_size
bli_dt_size_check	bli_dt_size_check
bli_dt_string	bli_dt_string
bli_dt_string_check	bli_dt_string_check
bli_dt_union_check	bli_dt_union_check
bli_dtrmm	bli_dtrmm
bli_dtrmm3	bli_dtrmm3
bli_dtrmm3_ex	bli_dtrmm3_ex
bli_dtrmm_ex	bli_dtrmm_ex
bli_dtrmv	bli_dtrmv
bli_dtrmv_ex	bli_dtrmv_ex
bli_dtrmv_unb_var1	bli_dtrmv_unb_var1
bli_dtrmv_unb_var2	bli_dtrmv_unb_var2
bli_dtrmv_unf_var1	bli_dtrmv_unf_var1
bli_dtrmv_unf_var2	bli_dtrmv_unf_var2
bli_dtrsm	bli_dtrsm
bli_dtrsm_ex	bli_dtrsm_ex
bli_dtrsv	bli_dtrsv
bli_dtrsv_ex	bli_dtrsv_ex
bli_dtrsv_unb_var1	bli_dtrsv_unb_var1
bli_dtrsv_unb_var2	bli_dtrsv_unb_var2
bli_dtrsv_unf_var1	bli_dtrsv_unf_var1
bli_dtrsv_unf_var2	bli_dtrsv_unf_var2
bli_dunzipsc	bli_dunzipsc
bli_dxpbyd	bli_dxpbyd
bli_dxpbyd_ex	bli_dxpbyd_ex
bli_dxpbym	bli_dxpbym
bli_dxpbym_ex	bli_dxpbym_ex
bli_dxpbym_unb_var1	bli_dxpbym_unb_var1
bli_dxpbyv	bli_dxpbyv
bli_dxpbyv_ex	bli_dxpbyv_ex
bli_dzipsc	bli_dzipsc
bli_env_get_str	bli_env_get_str
bli_env_get_var	bli_env_get_var
bli_eqm	bli_eqm
bli_eqm_check	bli_eqm_check
bli_eqm_qfp	bli_eqm_qfp
bli_eqsc	bli_eqsc
bli_eqsc_check	bli_eqsc_check
bli_eqsc_qfp	bli_eqsc_qfp
bli_eqv	bli_eqv
bli_eqv_check	bli_eqv_check
bli_eqv_qfp	bli_eqv_qfp
bli_error_checking_is_enabled	bli_error_checking_is_enabled
bli_error_checking_level	bli_error_checking_level
bli_error_checking_level_set	bli_error_checking_level_set
bli_error_string_for_code	bli_error_string_for_code
bli_extract_conj	bli_extract_conj
bli_extract_trans	bli_extract_trans
bli_finalize	bli_finalize
bli_finalize_apis	bli_finalize_apis
bli_finalize_auto	bli_finalize_auto
bli_finalize_once	bli_finalize_once
bli_find_area_trap_l	bli_find_area_trap_l
bli_fprintm_qfp	bli_fprintm_qfp
bli_fprintv_qfp	bli_fprintv_qfp
bli_func2_create	bli_func2_create
bli_func2_free	bli_func2_free
bli_func2_get_dt	bli_func2_get_dt
bli_func2_init	bli_func2_init
bli_func2_init_null	bli_func2_init_null
bli_func2_is_null	bli_func2_is_null
bli_func2_is_null_dt	bli_func2_is_null_dt
bli_func2_set_dt	bli_func2_set_dt
bli_func_copy_dt	bli_func_copy_dt
bli_func_create	bli_func_create
bli_func_free	bli_func_free
bli_func_get_dt	bli_func_get_dt
bli_func_init	bli_func_init
bli_func_init_null	bli_func_init_null
bli_func_is_null	bli_func_is_null
bli_func_is_null_dt	bli_func_is_null_dt
bli_func_set_dt	bli_func_set_dt
bli_gcd	bli_gcd
bli_gemm	bli_gemm
bli_gemm_basic_check	bli_gemm_basic_check
bli_gemm_blk_var1	bli_gemm_blk_var1
bli_gemm_blk_var2	bli_gemm_blk_var2
bli_gemm_blk_var3	bli_gemm_blk_var3
bli_gemm_check	bli_gemm_check
bli_gemm_cntl_finalize	bli_gemm_cntl_finalize
bli_gemm_cntl_init	bli_gemm_cntl_init
bli_gemm_cntl_kc_def	bli_gemm_cntl_kc_def
bli_gemm_cntl_kc_max	bli_gemm_cntl_kc_max
bli_gemm_cntl_mc_def	bli_gemm_cntl_mc_def
bli_gemm_cntl_mc_max	bli_gemm_cntl_mc_max
bli_gemm_cntl_mr_def	bli_gemm_cntl_mr_def
bli_gemm_cntl_mr_pack	bli_gemm_cntl_mr_pack
bli_gemm_cntl_nc_def	bli_gemm_cntl_nc_def
bli_gemm_cntl_nc_max	bli_gemm_cntl_nc_max
bli_gemm_cntl_nr_def	bli_gemm_cntl_nr_def
bli_gemm_cntl_nr_pack	bli_gemm_cntl_nr_pack
bli_gemm_cntl_packa_params	bli_gemm_cntl_packa_params
bli_gemm_cntl_packa_schema	bli_gemm_cntl_packa_schema
bli_gemm_cntl_packa_ukr	bli_gemm_cntl_packa_ukr
bli_gemm_cntl_packa_var	bli_gemm_cntl_packa_var
bli_gemm_cntl_packb_params	bli_gemm_cntl_packb_params
bli_gemm_cntl_packb_schema	bli_gemm_cntl_packb_schema
bli_gemm_cntl_packb_ukr	bli_gemm_cntl_packb_ukr
bli_gemm_cntl_packb_var	bli_gemm_cntl_packb_var
bli_gemm_cntl_params	bli_gemm_cntl_params
bli_gemm_cntl_row_pref	bli_gemm_cntl_row_pref
bli_gemm_cntl_set_kc	bli_gemm_cntl_set_kc
bli_gemm_cntl_set_mc	bli_gemm_cntl_set_mc
bli_gemm_cntl_set_mr	bli_gemm_cntl_set_mr
bli_gemm_cntl_set_nc	bli_gemm_cntl_set_nc
bli_gemm_cntl_set_nr	bli_gemm_cntl_set_nr
bli_gemm_cntl_set_packa_schema	bli_gemm_cntl_set_packa_schema
bli_gemm_cntl_set_packa_ukr	bli_gemm_cntl_set_packa_ukr
bli_gemm_cntl_set_packa_ukr_simple	bli_gemm_cntl_set_packa_ukr_simple
bli_gemm_cntl_set_packa_var	bli_gemm_cntl_set_packa_var
bli_gemm_cntl_set_packb_schema	bli_gemm_cntl_set_packb_schema
bli_gemm_cntl_set_packb_ukr	bli_gemm_cntl_set_packb_ukr
bli_gemm_cntl_set_packb_ukr_simple	bli_gemm_cntl_set_packb_ukr_simple
bli_gemm_cntl_set_packb_var	bli_gemm_cntl_set_packb_var
bli_gemm_cntl_set_row_pref	bli_gemm_cntl_set_row_pref
bli_gemm_cntl_set_ukr	bli_gemm_cntl_set_ukr
bli_gemm_cntl_set_ukr_simple	bli_gemm_cntl_set_ukr_simple
bli_gemm_cntl_set_var	bli_gemm_cntl_set_var
bli_gemm_cntl_ukr	bli_gemm_cntl_ukr
bli_gemm_cntl_var	bli_gemm_cntl_var
bli_gemm_ex	bli_gemm_ex
bli_gemm_ker_var2	bli_gemm_ker_var2
bli_gemm_ukernel	bli_gemm_ukernel
bli_gemm_ukernel_qfp	bli_gemm_ukernel_qfp
bli_gemm_var_cntl_comp_dt	bli_gemm_var_cntl_comp_dt
bli_gemm_var_cntl_init_node	bli_gemm_var_cntl_init_node
bli_gemm_var_cntl_mr	bli_gemm_var_cntl_mr
bli_gemm_var_cntl_nr	bli_gemm_var_cntl_nr
bli_gemm_var_cntl_params	bli_gemm_var_cntl_params
bli_gemm_var_cntl_real_params	bli_gemm_var_cntl_real_params
bli_gemm_var_cntl_real_ukr	bli_gemm_var_cntl_real_ukr
bli_gemm_var_cntl_row_pref	bli_gemm_var_cntl_row_pref
bli_gemm_var_cntl_set_comp_dt	bli_gemm_var_cntl_set_comp_dt
bli_gemm_var_cntl_set_mr	bli_gemm_var_cntl_set_mr
bli_gemm_var_cntl_set_nr	bli_gemm_var_cntl_set_nr
bli_gemm_var_cntl_set_real_ukr	bli_gemm_var_cntl_set_real_ukr
bli_gemm_var_cntl_set_real_ukr_simple	bli_gemm_var_cntl_set_real_ukr_simple
bli_gemm_var_cntl_set_row_pref	bli_gemm_var_cntl_set_row_pref
bli_gemm_var_cntl_set_ukr	bli_gemm_var_cntl_set_ukr
bli_gemm_var_cntl_set_ukr_simple	bli_gemm_var_cntl_set_ukr_simple
bli_gemm_var_cntl_ukr	bli_gemm_var_cntl_ukr
bli_gemmind_find_avail	bli_gemmind_find_avail
bli_gemmsup	bli_gemmsup
bli_gemmsup_int	bli_gemmsup_int
bli_gemmsup_ref	bli_gemmsup_ref
bli_gemmsup_ref_var1	bli_gemmsup_ref_var1
bli_gemmsup_ref_var1n	bli_gemmsup_ref_var1n
bli_gemmsup_ref_var1n2m_opt_cases	bli_gemmsup_ref_var1n2m_opt_cases
bli_gemmsup_ref_var2	bli_gemmsup_ref_var2
bli_gemmsup_ref_var2m	bli_gemmsup_ref_var2m
bli_gemmt	bli_gemmt
bli_gemmt_basic_check	bli_gemmt_basic_check
bli_gemmt_check	bli_gemmt_check
bli_gemmt_ex	bli_gemmt_ex
bli_gemmt_l_ker_var2	bli_gemmt_l_ker_var2
bli_gemmt_l_ker_var2b	bli_gemmt_l_ker_var2b
bli_gemmt_u_ker_var2	bli_gemmt_u_ker_var2
bli_gemmt_u_ker_var2b	bli_gemmt_u_ker_var2b
bli_gemmtind_find_avail	bli_gemmtind_find_avail
bli_gemmtrsm_l_ukernel_qfp	bli_gemmtrsm_l_ukernel_qfp
bli_gemmtrsm_u_ukernel_qfp	bli_gemmtrsm_u_ukernel_qfp
bli_gemmtrsm_ukernel	bli_gemmtrsm_ukernel
bli_gemmtsup	bli_gemmtsup
bli_gemmtsup_int	bli_gemmtsup_int
bli_gemmtsup_ref	bli_gemmtsup_ref
bli_gemv	bli_gemv
bli_gemv_blk_var1	bli_gemv_blk_var1
bli_gemv_blk_var2	bli_gemv_blk_var2
bli_gemv_check	bli_gemv_check
bli_gemv_ex	bli_gemv_ex
bli_gemv_ex_qfp	bli_gemv_ex_qfp
bli_gemv_unb_var1	bli_gemv_unb_var1
bli_gemv_unb_var1_qfp	bli_gemv_unb_var1_qfp
bli_gemv_unb_var2	bli_gemv_unb_var2
bli_gemv_unb_var2_qfp	bli_gemv_unb_var2_qfp
bli_gemv_unf_var1	bli_gemv_unf_var1
bli_gemv_unf_var1_qfp	bli_gemv_unf_var1_qfp
bli_gemv_unf_var2	bli_gemv_unf_var2
bli_gemv_unf_var2_qfp	bli_gemv_unf_var2_qfp
bli_ger	bli_ger
bli_ger_blk_var1	bli_ger_blk_var1
bli_ger_blk_var2	bli_ger_blk_var2
bli_ger_check	bli_ger_check
bli_ger_ex	bli_ger_ex
bli_ger_ex_qfp	bli_ger_ex_qfp
bli_ger_unb_var1	bli_ger_unb_var1
bli_ger_unb_var1_qfp	bli_ger_unb_var1_qfp
bli_ger_unb_var2	bli_ger_unb_var2
bli_ger_unb_var2_qfp	bli_ger_unb_var2_qfp
bli_gesc	bli_gesc
bli_gesc_check	bli_gesc_check
bli_gesc_qfp	bli_gesc_qfp
bli_getijm	bli_getijm
bli_getijv	bli_getijv
bli_getopt_init_state	bli_getopt_init_state
bli_getsc	bli_getsc
bli_getsc_check	bli_getsc_check
bli_getsc_qfp	bli_getsc_qfp
bli_gks_cntx_ukr2_is_ref	bli_gks_cntx_ukr2_is_ref
bli_gks_cntx_ukr_is_ref	bli_gks_cntx_ukr_is_ref
bli_gks_finalize	bli_gks_finalize
bli_gks_init	bli_gks_init
bli_gks_init_index	bli_gks_init_index
bli_gks_init_ref_cntx	bli_gks_init_ref_cntx
bli_gks_l3_ukr_impl_string	bli_gks_l3_ukr_impl_string
bli_gks_l3_ukr_impl_type	bli_gks_l3_ukr_impl_type
bli_gks_lookup_id	bli_gks_lookup_id
bli_gks_query_cntx	bli_gks_query_cntx
bli_gks_query_cntx_impl	bli_gks_query_cntx_impl
bli_gks_query_cntx_noinit	bli_gks_query_cntx_noinit
bli_gks_register_cntx	bli_gks_register_cntx
bli_global_rntm	bli_global_rntm
bli_global_rntm_at_init	bli_global_rntm_at_init
bli_global_rntm_mutex	bli_global_rntm_mutex
bli_gtsc	bli_gtsc
bli_gtsc_check	bli_gtsc_check
bli_gtsc_qfp	bli_gtsc_qfp
bli_has_nonunit_inc1	bli_has_nonunit_inc1
bli_has_nonunit_inc2	bli_has_nonunit_inc2
bli_has_nonunit_inc3	bli_has_nonunit_inc3
bli_hemm	bli_hemm
bli_hemm_basic_check	bli_hemm_basic_check
bli_hemm_check	bli_hemm_check
bli_hemm_ex	bli_hemm_ex
bli_hemmind_find_avail	bli_hemmind_find_avail
bli_hemv	bli_hemv
bli_hemv_blk_var1	bli_hemv_blk_var1
bli_hemv_blk_var2	bli_hemv_blk_var2
bli_hemv_blk_var3	bli_hemv_blk_var3
bli_hemv_blk_var4	bli_hemv_blk_var4
bli_hemv_check	bli_hemv_check
bli_hemv_ex	bli_hemv_ex
bli_hemv_ex_qfp	bli_hemv_ex_qfp
bli_hemv_unb_var1	bli_hemv_unb_var1
bli_hemv_unb_var1_qfp	bli_hemv_unb_var1_qfp
bli_hemv_unb_var2	bli_hemv_unb_var2
bli_hemv_unb_var2_qfp	bli_hemv_unb_var2_qfp
bli_hemv_unb_var3	bli_hemv_unb_var3
bli_hemv_unb_var3_qfp	bli_hemv_unb_var3_qfp
bli_hemv_unb_var4	bli_hemv_unb_var4
bli_hemv_unb_var4_qfp	bli_hemv_unb_var4_qfp
bli_hemv_unf_var1	bli_hemv_unf_var1
bli_hemv_unf_var1_qfp	bli_hemv_unf_var1_qfp
bli_hemv_unf_var1a	bli_hemv_unf_var1a
bli_hemv_unf_var1a_qfp	bli_hemv_unf_var1a_qfp
bli_hemv_unf_var3	bli_hemv_unf_var3
bli_hemv_unf_var3_qfp	bli_hemv_unf_var3_qfp
bli_hemv_unf_var3a	bli_hemv_unf_var3a
bli_hemv_unf_var3a_qfp	bli_hemv_unf_var3a_qfp
bli_her	bli_her
bli_her2	bli_her2
bli_her2_blk_var1	bli_her2_blk_var1
bli_her2_blk_var2	bli_her2_blk_var2
bli_her2_blk_var3	bli_her2_blk_var3
bli_her2_blk_var4	bli_her2_blk_var4
bli_her2_check	bli_her2_check
bli_her2_ex	bli_her2_ex
bli_her2_ex_qfp	bli_her2_ex_qfp
bli_her2_unb_var1	bli_her2_unb_var1
bli_her2_unb_var1_qfp	bli_her2_unb_var1_qfp
bli_her2_unb_var2	bli_her2_unb_var2
bli_her2_unb_var2_qfp	bli_her2_unb_var2_qfp
bli_her2_unb_var3	bli_her2_unb_var3
bli_her2_unb_var3_qfp	bli_her2_unb_var3_qfp
bli_her2_unb_var4	bli_her2_unb_var4
bli_her2_unb_var4_qfp	bli_her2_unb_var4_qfp
bli_her2_unf_var1	bli_her2_unf_var1
bli_her2_unf_var1_qfp	bli_her2_unf_var1_qfp
bli_her2_unf_var4	bli_her2_unf_var4
bli_her2_unf_var4_qfp	bli_her2_unf_var4_qfp
bli_her2k	bli_her2k
bli_her2k_basic_check	bli_her2k_basic_check
bli_her2k_check	bli_her2k_check
bli_her2k_ex	bli_her2k_ex
bli_her_blk_var1	bli_her_blk_var1
bli_her_blk_var2	bli_her_blk_var2
bli_her_check	bli_her_check
bli_her_ex	bli_her_ex
bli_her_ex_qfp	bli_her_ex_qfp
bli_her_unb_var1	bli_her_unb_var1
bli_her_unb_var1_qfp	bli_her_unb_var1_qfp
bli_her_unb_var2	bli_her_unb_var2
bli_her_unb_var2_qfp	bli_her_unb_var2_qfp
bli_herk	bli_herk
bli_herk_basic_check	bli_herk_basic_check
bli_herk_check	bli_herk_check
bli_herk_ex	bli_herk_ex
bli_idcast	bli_idcast
bli_igetsc	bli_igetsc
bli_iicast	bli_iicast
bli_ind_disable	bli_ind_disable
bli_ind_disable_all	bli_ind_disable_all
bli_ind_disable_all_dt	bli_ind_disable_all_dt
bli_ind_disable_dt	bli_ind_disable_dt
bli_ind_enable	bli_ind_enable
bli_ind_enable_dt	bli_ind_enable_dt
bli_ind_finalize	bli_ind_finalize
bli_ind_get_impl_string	bli_ind_get_impl_string
bli_ind_init	bli_ind_init
bli_ind_map_cdt_to_index	bli_ind_map_cdt_to_index
bli_ind_oper_enable_only	bli_ind_oper_enable_only
bli_ind_oper_find_avail	bli_ind_oper_find_avail
bli_ind_oper_get_avail_impl_string	bli_ind_oper_get_avail_impl_string
bli_ind_oper_is_impl	bli_ind_oper_is_impl
bli_info_get_blas_int_type_size	bli_info_get_blas_int_type_size
bli_info_get_enable_blas	bli_info_get_enable_blas
bli_info_get_enable_cblas	bli_info_get_enable_cblas
bli_info_get_enable_hpx	bli_info_get_enable_hpx
bli_info_get_enable_hpx_as_default	bli_info_get_enable_hpx_as_default
bli_info_get_enable_memkind	bli_info_get_enable_memkind
bli_info_get_enable_openmp	bli_info_get_enable_openmp
bli_info_get_enable_openmp_as_default	bli_info_get_enable_openmp_as_default
bli_info_get_enable_pba_pools	bli_info_get_enable_pba_pools
bli_info_get_enable_pthreads	bli_info_get_enable_pthreads
bli_info_get_enable_pthreads_as_default	bli_info_get_enable_pthreads_as_default
bli_info_get_enable_sandbox	bli_info_get_enable_sandbox
bli_info_get_enable_sba_pools	bli_info_get_enable_sba_pools
bli_info_get_enable_stay_auto_init	bli_info_get_enable_stay_auto_init
bli_info_get_enable_threading	bli_info_get_enable_threading
bli_info_get_enable_tls	bli_info_get_enable_tls
bli_info_get_gemm_impl_string	bli_info_get_gemm_impl_string
bli_info_get_gemm_ukr_impl_string	bli_info_get_gemm_ukr_impl_string
bli_info_get_gemmt_impl_string	bli_info_get_gemmt_impl_string
bli_info_get_gemmtrsm_l_ukr_impl_string	bli_info_get_gemmtrsm_l_ukr_impl_string
bli_info_get_gemmtrsm_u_ukr_impl_string	bli_info_get_gemmtrsm_u_ukr_impl_string
bli_info_get_heap_addr_align_size	bli_info_get_heap_addr_align_size
bli_info_get_heap_stride_align_size	bli_info_get_heap_stride_align_size
bli_info_get_hemm_impl_string	bli_info_get_hemm_impl_string
bli_info_get_her2k_impl_string	bli_info_get_her2k_impl_string
bli_info_get_herk_impl_string	bli_info_get_herk_impl_string
bli_info_get_int_type_size	bli_info_get_int_type_size
bli_info_get_int_type_size_str	bli_info_get_int_type_size_str
bli_info_get_max_type_size	bli_info_get_max_type_size
bli_info_get_num_fp_types	bli_info_get_num_fp_types
bli_info_get_page_size	bli_info_get_page_size
bli_info_get_pool_addr_align_size_a	bli_info_get_pool_addr_align_size_a
bli_info_get_pool_addr_align_size_b	bli_info_get_pool_addr_align_size_b
bli_info_get_pool_addr_align_size_c	bli_info_get_pool_addr_align_size_c
bli_info_get_pool_addr_align_size_gen	bli_info_get_pool_addr_align_size_gen
bli_info_get_pool_addr_offset_size_a	bli_info_get_pool_addr_offset_size_a
bli_info_get_pool_addr_offset_size_b	bli_info_get_pool_addr_offset_size_b
bli_info_get_pool_addr_offset_size_c	bli_info_get_pool_addr_offset_size_c
bli_info_get_pool_addr_offset_size_gen	bli_info_get_pool_addr_offset_size_gen
bli_info_get_simd_align_size	bli_info_get_simd_align_size
bli_info_get_simd_num_registers	bli_info_get_simd_num_registers
bli_info_get_simd_size	bli_info_get_simd_size
bli_info_get_stack_buf_align_size	bli_info_get_stack_buf_align_size
bli_info_get_stack_buf_max_size	bli_info_get_stack_buf_max_size
bli_info_get_symm_impl_string	bli_info_get_symm_impl_string
bli_info_get_syr2k_impl_string	bli_info_get_syr2k_impl_string
bli_info_get_syrk_impl_string	bli_info_get_syrk_impl_string
bli_info_get_thread_jrir_rr	bli_info_get_thread_jrir_rr
bli_info_get_thread_jrir_slab	bli_info_get_thread_jrir_slab
bli_info_get_thread_jrir_tlb	bli_info_get_thread_jrir_tlb
bli_info_get_trmm3_impl_string	bli_info_get_trmm3_impl_string
bli_info_get_trmm_impl_string	bli_info_get_trmm_impl_string
bli_info_get_trsm_impl_string	bli_info_get_trsm_impl_string
bli_info_get_trsm_l_ukr_impl_string	bli_info_get_trsm_l_ukr_impl_string
bli_info_get_trsm_u_ukr_impl_string	bli_info_get_trsm_u_ukr_impl_string
bli_info_get_version_str	bli_info_get_version_str
bli_init	bli_init
bli_init_apis	bli_init_apis
bli_init_auto	bli_init_auto
bli_init_once	bli_init_once
bli_intersects_diag_n	bli_intersects_diag_n
bli_invertd	bli_invertd
bli_invertd_check	bli_invertd_check
bli_invertd_ex	bli_invertd_ex
bli_invertd_ex_qfp	bli_invertd_ex_qfp
bli_invertsc	bli_invertsc
bli_invertsc_check	bli_invertsc_check
bli_invertsc_qfp	bli_invertsc_qfp
bli_invertv	bli_invertv
bli_invertv_check	bli_invertv_check
bli_invertv_ex	bli_invertv_ex
bli_invertv_ex_qfp	bli_invertv_ex_qfp
bli_invscald	bli_invscald
bli_invscald_check	bli_invscald_check
bli_invscald_ex	bli_invscald_ex
bli_invscald_ex_qfp	bli_invscald_ex_qfp
bli_invscalm	bli_invscalm
bli_invscalm_check	bli_invscalm_check
bli_invscalm_ex	bli_invscalm_ex
bli_invscalm_ex_qfp	bli_invscalm_ex_qfp
bli_invscalv	bli_invscalv
bli_invscalv_check	bli_invscalv_check
bli_invscalv_ex	bli_invscalv_ex
bli_invscalv_ex_qfp	bli_invscalv_ex_qfp
bli_ipow	bli_ipow
bli_is_1e_packed	bli_is_1e_packed
bli_is_1m_packed	bli_is_1m_packed
bli_is_1r_packed	bli_is_1r_packed
bli_is_aligned_to	bli_is_aligned_to
bli_is_col_stored	bli_is_col_stored
bli_is_col_stored_f	bli_is_col_stored_f
bli_is_col_tilted	bli_is_col_tilted
bli_is_col_vector	bli_is_col_vector
bli_is_complex	bli_is_complex
bli_is_conj	bli_is_conj
bli_is_conjnotrans	bli_is_conjnotrans
bli_is_conjtrans	bli_is_conjtrans
bli_is_constant	bli_is_constant
bli_is_dcomplex	bli_is_dcomplex
bli_is_dense	bli_is_dense
bli_is_double	bli_is_double
bli_is_double_prec	bli_is_double_prec
bli_is_edge_b	bli_is_edge_b
bli_is_edge_f	bli_is_edge_f
bli_is_even	bli_is_even
bli_is_failure	bli_is_failure
bli_is_float	bli_is_float
bli_is_gen_stored	bli_is_gen_stored
bli_is_general	bli_is_general
bli_is_herm_or_symm	bli_is_herm_or_symm
bli_is_hermitian	bli_is_hermitian
bli_is_ind_packed	bli_is_ind_packed
bli_is_int	bli_is_int
bli_is_last_iter_l	bli_is_last_iter_l
bli_is_last_iter_rr	bli_is_last_iter_rr
bli_is_last_iter_sl	bli_is_last_iter_sl
bli_is_last_iter_slrr	bli_is_last_iter_slrr
bli_is_last_iter_tlb_l	bli_is_last_iter_tlb_l
bli_is_last_iter_tlb_u	bli_is_last_iter_tlb_u
bli_is_last_iter_u	bli_is_last_iter_u
bli_is_left	bli_is_left
bli_is_lower	bli_is_lower
bli_is_m_dim	bli_is_m_dim
bli_is_my_iter	bli_is_my_iter
bli_is_my_iter_rr	bli_is_my_iter_rr
bli_is_my_iter_sl	bli_is_my_iter_sl
bli_is_n_dim	bli_is_n_dim
bli_is_nat_packed	bli_is_nat_packed
bli_is_noconj	bli_is_noconj
bli_is_nonunit_diag	bli_is_nonunit_diag
bli_is_not_edge_b	bli_is_not_edge_b
bli_is_not_edge_f	bli_is_not_edge_f
bli_is_notrans	bli_is_notrans
bli_is_odd	bli_is_odd
bli_is_outside_diag	bli_is_outside_diag
bli_is_outside_diag_n	bli_is_outside_diag_n
bli_is_packed	bli_is_packed
bli_is_panel_packed	bli_is_panel_packed
bli_is_preferentially_stored	bli_is_preferentially_stored
bli_is_prime	bli_is_prime
bli_is_real	bli_is_real
bli_is_right	bli_is_right
bli_is_ro_packed	bli_is_ro_packed
bli_is_row_stored	bli_is_row_stored
bli_is_row_stored_f	bli_is_row_stored_f
bli_is_row_tilted	bli_is_row_tilted
bli_is_row_vector	bli_is_row_vector
bli_is_scomplex	bli_is_scomplex
bli_is_single_prec	bli_is_single_prec
bli_is_stored_subpart	bli_is_stored_subpart
bli_is_stored_subpart_n	bli_is_stored_subpart_n
bli_is_strictly_above_diag	bli_is_strictly_above_diag
bli_is_strictly_above_diag_n	bli_is_strictly_above_diag_n
bli_is_strictly_below_diag	bli_is_strictly_below_diag
bli_is_strictly_below_diag_n	bli_is_strictly_below_diag_n
bli_is_success	bli_is_success
bli_is_symmetric	bli_is_symmetric
bli_is_trans	bli_is_trans
bli_is_triangular	bli_is_triangular
bli_is_unaligned_to	bli_is_unaligned_to
bli_is_unit_diag	bli_is_unit_diag
bli_is_unstored_subpart	bli_is_unstored_subpart
bli_is_unstored_subpart_n	bli_is_unstored_subpart_n
bli_is_upper	bli_is_upper
bli_is_upper_or_lower	bli_is_upper_or_lower
bli_is_vector	bli_is_vector
bli_is_zeros	bli_is_zeros
bli_iscast	bli_iscast
bli_isetsc	bli_isetsc
bli_l0_xsc_check	bli_l0_xsc_check
bli_l0_xx2sc_check	bli_l0_xx2sc_check
bli_l0_xxbsc_check	bli_l0_xxbsc_check
bli_l0_xxsc_check	bli_l0_xxsc_check
bli_l1d_ax_check	bli_l1d_ax_check
bli_l1d_axy_check	bli_l1d_axy_check
bli_l1d_x_check	bli_l1d_x_check
bli_l1d_xy_check	bli_l1d_xy_check
bli_l1m_ax_check	bli_l1m_ax_check
bli_l1m_axy_check	bli_l1m_axy_check
bli_l1m_xy_check	bli_l1m_xy_check
bli_l1v_ax_check	bli_l1v_ax_check
bli_l1v_axby_check	bli_l1v_axby_check
bli_l1v_axy_check	bli_l1v_axy_check
bli_l1v_dot_check	bli_l1v_dot_check
bli_l1v_x_check	bli_l1v_x_check
bli_l1v_xby_check	bli_l1v_xby_check
bli_l1v_xi_check	bli_l1v_xi_check
bli_l1v_xy_check	bli_l1v_xy_check
bli_l3_basic_check	bli_l3_basic_check
bli_l3_ind_oper_enable_only	bli_l3_ind_oper_enable_only
bli_l3_ind_oper_find_avail	bli_l3_ind_oper_find_avail
bli_l3_ind_oper_get_enable	bli_l3_ind_oper_get_enable
bli_l3_ind_oper_is_impl	bli_l3_ind_oper_is_impl
bli_l3_ind_oper_set_enable	bli_l3_ind_oper_set_enable
bli_l3_ind_oper_set_enable_all	bli_l3_ind_oper_set_enable_all
bli_l3_ind_set_enable_dt	bli_l3_ind_set_enable_dt
bli_l3_int	bli_l3_int
bli_l3_packa	bli_l3_packa
bli_l3_packb	bli_l3_packb
bli_l3_prune_unref_mparts_k	bli_l3_prune_unref_mparts_k
bli_l3_prune_unref_mparts_m	bli_l3_prune_unref_mparts_m
bli_l3_prune_unref_mparts_n	bli_l3_prune_unref_mparts_n
bli_l3_return_early_if_trivial	bli_l3_return_early_if_trivial
bli_l3_sup_thrinfo_create	bli_l3_sup_thrinfo_create
bli_l3_sup_thrinfo_update	bli_l3_sup_thrinfo_update
bli_l3_thread_decorator	bli_l3_thread_decorator
bli_l3_thread_decorator_check	bli_l3_thread_decorator_check
bli_l3_thread_decorator_thread_check	bli_l3_thread_decorator_thread_check
bli_l3_thrinfo_create	bli_l3_thrinfo_create
bli_l3_thrinfo_grow	bli_l3_thrinfo_grow
bli_lcm	bli_lcm
bli_lesc	bli_lesc
bli_lesc_check	bli_lesc_check
bli_lesc_qfp	bli_lesc_qfp
bli_ltsc	bli_ltsc
bli_ltsc_check	bli_ltsc_check
bli_ltsc_qfp	bli_ltsc_qfp
bli_machval	bli_machval
bli_mbool_create	bli_mbool_create
bli_mbool_free	bli_mbool_free
bli_mbool_get_dt	bli_mbool_get_dt
bli_mbool_init	bli_mbool_init
bli_mbool_set_dt	bli_mbool_set_dt
bli_mem_buf_type	bli_mem_buf_type
bli_mem_buffer	bli_mem_buffer
bli_mem_clear	bli_mem_clear
bli_mem_is_alloc	bli_mem_is_alloc
bli_mem_is_unalloc	bli_mem_is_unalloc
bli_mem_pblk	bli_mem_pblk
bli_mem_pool	bli_mem_pool
bli_mem_set_buf_type	bli_mem_set_buf_type
bli_mem_set_pblk	bli_mem_set_pblk
bli_mem_set_pool	bli_mem_set_pool
bli_mem_set_size	bli_mem_set_size
bli_mem_size	bli_mem_size
bli_memsys_finalize	bli_memsys_finalize
bli_memsys_init	bli_memsys_init
bli_mkherm	bli_mkherm
bli_mkherm_check	bli_mkherm_check
bli_mkherm_ex	bli_mkherm_ex
bli_mkherm_ex_qfp	bli_mkherm_ex_qfp
bli_mksymm	bli_mksymm
bli_mksymm_check	bli_mksymm_check
bli_mksymm_ex	bli_mksymm_ex
bli_mksymm_ex_qfp	bli_mksymm_ex_qfp
bli_mktrim	bli_mktrim
bli_mktrim_check	bli_mktrim_check
bli_mktrim_ex	bli_mktrim_ex
bli_mktrim_ex_qfp	bli_mktrim_ex_qfp
bli_mulsc	bli_mulsc
bli_mulsc_check	bli_mulsc_check
bli_mulsc_qfp	bli_mulsc_qfp
bli_negate_diag_offset	bli_negate_diag_offset
bli_nonzero_dim	bli_nonzero_dim
bli_norm1m	bli_norm1m
bli_norm1m_check	bli_norm1m_check
bli_norm1m_ex	bli_norm1m_ex
bli_norm1m_ex_qfp	bli_norm1m_ex_qfp
bli_norm1v	bli_norm1v
bli_norm1v_check	bli_norm1v_check
bli_norm1v_ex	bli_norm1v_ex
bli_norm1v_ex_qfp	bli_norm1v_ex_qfp
bli_normfm	bli_normfm
bli_normfm_check	bli_normfm_check
bli_normfm_ex	bli_normfm_ex
bli_normfm_ex_qfp	bli_normfm_ex_qfp
bli_normfsc	bli_normfsc
bli_normfsc_check	bli_normfsc_check
bli_normfsc_qfp	bli_normfsc_qfp
bli_normfv	bli_normfv
bli_normfv_check	bli_normfv_check
bli_normfv_ex	bli_normfv_ex
bli_normfv_ex_qfp	bli_normfv_ex_qfp
bli_normim	bli_normim
bli_normim_check	bli_normim_check
bli_normim_ex	bli_normim_ex
bli_normim_ex_qfp	bli_normim_ex_qfp
bli_normiv	bli_normiv
bli_normiv_check	bli_normiv_check
bli_normiv_ex	bli_normiv_ex
bli_normiv_ex_qfp	bli_normiv_ex_qfp
bli_obj_alias_submatrix	bli_obj_alias_submatrix
bli_obj_alias_to	bli_obj_alias_to
bli_obj_alias_with_conj	bli_obj_alias_with_conj
bli_obj_alias_with_trans	bli_obj_alias_with_trans
bli_obj_alloc_buffer	bli_obj_alloc_buffer
bli_obj_alloc_buffer_check	bli_obj_alloc_buffer_check
bli_obj_apply_conj	bli_obj_apply_conj
bli_obj_apply_trans	bli_obj_apply_trans
bli_obj_buffer	bli_obj_buffer
bli_obj_buffer_at_off	bli_obj_buffer_at_off
bli_obj_buffer_for_1x1	bli_obj_buffer_for_1x1
bli_obj_buffer_for_const	bli_obj_buffer_for_const
bli_obj_col_off	bli_obj_col_off
bli_obj_col_stride	bli_obj_col_stride
bli_obj_col_stride_mag	bli_obj_col_stride_mag
bli_obj_comp_prec	bli_obj_comp_prec
bli_obj_conj_status	bli_obj_conj_status
bli_obj_conjtrans_status	bli_obj_conjtrans_status
bli_obj_copy_internal_scalar	bli_obj_copy_internal_scalar
bli_obj_create	bli_obj_create
bli_obj_create_1x1	bli_obj_create_1x1
bli_obj_create_check	bli_obj_create_check
bli_obj_create_conf_to	bli_obj_create_conf_to
bli_obj_create_const_check	bli_obj_create_const_check
bli_obj_create_const_copy_of_check	bli_obj_create_const_copy_of_check
bli_obj_create_scalar_check	bli_obj_create_scalar_check
bli_obj_create_without_buffer	bli_obj_create_without_buffer
bli_obj_create_without_buffer_check	bli_obj_create_without_buffer_check
bli_obj_diag	bli_obj_diag
bli_obj_diag_offset	bli_obj_diag_offset
bli_obj_diag_offset_after_trans	bli_obj_diag_offset_after_trans
bli_obj_dim	bli_obj_dim
bli_obj_domain	bli_obj_domain
bli_obj_dt	bli_obj_dt
bli_obj_dt_proj_to_complex	bli_obj_dt_proj_to_complex
bli_obj_dt_proj_to_double_prec	bli_obj_dt_proj_to_double_prec
bli_obj_dt_proj_to_real	bli_obj_dt_proj_to_real
bli_obj_dt_proj_to_single_prec	bli_obj_dt_proj_to_single_prec
bli_obj_elem_size	bli_obj_elem_size
bli_obj_equals	bli_obj_equals
bli_obj_free	bli_obj_free
bli_obj_free_check	bli_obj_free_check
bli_obj_has_conj	bli_obj_has_conj
bli_obj_has_inverted_diag	bli_obj_has_inverted_diag
bli_obj_has_noconj	bli_obj_has_noconj
bli_obj_has_nonunit_diag	bli_obj_has_nonunit_diag
bli_obj_has_notrans	bli_obj_has_notrans
bli_obj_has_trans	bli_obj_has_trans
bli_obj_has_unit_diag	bli_obj_has_unit_diag
bli_obj_has_zero_dim	bli_obj_has_zero_dim
bli_obj_imag_equals	bli_obj_imag_equals
bli_obj_imag_is_zero	bli_obj_imag_is_zero
bli_obj_imag_part	bli_obj_imag_part
bli_obj_imag_stride	bli_obj_imag_stride
bli_obj_imag_stride_mag	bli_obj_imag_stride_mag
bli_obj_inc_diag_offset	bli_obj_inc_diag_offset
bli_obj_inc_off	bli_obj_inc_off
bli_obj_inc_offs	bli_obj_inc_offs
bli_obj_induce_fast_trans	bli_obj_induce_fast_trans
bli_obj_induce_trans	bli_obj_induce_trans
bli_obj_init_full_shallow_copy_of	bli_obj_init_full_shallow_copy_of
bli_obj_init_subpart_from	bli_obj_init_subpart_from
bli_obj_internal_scalar_buffer	bli_obj_internal_scalar_buffer
bli_obj_intersects_diag	bli_obj_intersects_diag
bli_obj_is_1x1	bli_obj_is_1x1
bli_obj_is_alias_of	bli_obj_is_alias_of
bli_obj_is_col_stored	bli_obj_is_col_stored
bli_obj_is_col_tilted	bli_obj_is_col_tilted
bli_obj_is_col_vector	bli_obj_is_col_vector
bli_obj_is_complex	bli_obj_is_complex
bli_obj_is_const	bli_obj_is_const
bli_obj_is_dcomplex	bli_obj_is_dcomplex
bli_obj_is_dense	bli_obj_is_dense
bli_obj_is_double	bli_obj_is_double
bli_obj_is_double_prec	bli_obj_is_double_prec
bli_obj_is_float	bli_obj_is_float
bli_obj_is_gen_stored	bli_obj_is_gen_stored
bli_obj_is_general	bli_obj_is_general
bli_obj_is_hermitian	bli_obj_is_hermitian
bli_obj_is_int	bli_obj_is_int
bli_obj_is_lower	bli_obj_is_lower
bli_obj_is_outside_diag	bli_obj_is_outside_diag
bli_obj_is_pack_rev_if_lower	bli_obj_is_pack_rev_if_lower
bli_obj_is_pack_rev_if_upper	bli_obj_is_pack_rev_if_upper
bli_obj_is_packed	bli_obj_is_packed
bli_obj_is_panel_packed	bli_obj_is_panel_packed
bli_obj_is_real	bli_obj_is_real
bli_obj_is_row_stored	bli_obj_is_row_stored
bli_obj_is_row_tilted	bli_obj_is_row_tilted
bli_obj_is_row_vector	bli_obj_is_row_vector
bli_obj_is_scomplex	bli_obj_is_scomplex
bli_obj_is_single_prec	bli_obj_is_single_prec
bli_obj_is_strictly_above_diag	bli_obj_is_strictly_above_diag
bli_obj_is_strictly_below_diag	bli_obj_is_strictly_below_diag
bli_obj_is_symmetric	bli_obj_is_symmetric
bli_obj_is_triangular	bli_obj_is_triangular
bli_obj_is_unstored_subpart	bli_obj_is_unstored_subpart
bli_obj_is_upper	bli_obj_is_upper
bli_obj_is_upper_or_lower	bli_obj_is_upper_or_lower
bli_obj_is_vector	bli_obj_is_vector
bli_obj_is_zeros	bli_obj_is_zeros
bli_obj_length	bli_obj_length
bli_obj_length_after_trans	bli_obj_length_after_trans
bli_obj_length_stored	bli_obj_length_stored
bli_obj_length_stored_after_trans	bli_obj_length_stored_after_trans
bli_obj_max_dim	bli_obj_max_dim
bli_obj_min_dim	bli_obj_min_dim
bli_obj_negate_diag_offset	bli_obj_negate_diag_offset
bli_obj_off	bli_obj_off
bli_obj_onlytrans_status	bli_obj_onlytrans_status
bli_obj_pack_buffer_type	bli_obj_pack_buffer_type
bli_obj_pack_schema	bli_obj_pack_schema
bli_obj_padded_length	bli_obj_padded_length
bli_obj_padded_width	bli_obj_padded_width
bli_obj_panel_dim	bli_obj_panel_dim
bli_obj_panel_length	bli_obj_panel_length
bli_obj_panel_stride	bli_obj_panel_stride
bli_obj_panel_width	bli_obj_panel_width
bli_obj_prec	bli_obj_prec
bli_obj_print	bli_obj_print
bli_obj_print_check	bli_obj_print_check
bli_obj_real_part	bli_obj_real_part
bli_obj_reflect_about_diag	bli_obj_reflect_about_diag
bli_obj_reset_origin	bli_obj_reset_origin
bli_obj_root	bli_obj_root
bli_obj_root_is_general	bli_obj_root_is_general
bli_obj_root_is_herm_or_symm	bli_obj_root_is_herm_or_symm
bli_obj_root_is_hermitian	bli_obj_root_is_hermitian
bli_obj_root_is_lower	bli_obj_root_is_lower
bli_obj_root_is_symmetric	bli_obj_root_is_symmetric
bli_obj_root_is_triangular	bli_obj_root_is_triangular
bli_obj_root_is_upper	bli_obj_root_is_upper
bli_obj_row_off	bli_obj_row_off
bli_obj_row_stride	bli_obj_row_stride
bli_obj_row_stride_mag	bli_obj_row_stride_mag
bli_obj_scalar_apply_scalar	bli_obj_scalar_apply_scalar
bli_obj_scalar_attach	bli_obj_scalar_attach
bli_obj_scalar_cast_to	bli_obj_scalar_cast_to
bli_obj_scalar_detach	bli_obj_scalar_detach
bli_obj_scalar_domain	bli_obj_scalar_domain
bli_obj_scalar_dt	bli_obj_scalar_dt
bli_obj_scalar_equals	bli_obj_scalar_equals
bli_obj_scalar_has_nonzero_imag	bli_obj_scalar_has_nonzero_imag
bli_obj_scalar_init_detached	bli_obj_scalar_init_detached
bli_obj_scalar_init_detached_copy_of	bli_obj_scalar_init_detached_copy_of
bli_obj_scalar_prec	bli_obj_scalar_prec
bli_obj_scalar_reset	bli_obj_scalar_reset
bli_obj_set_as_root	bli_obj_set_as_root
bli_obj_set_col_stride	bli_obj_set_col_stride
bli_obj_set_comp_prec	bli_obj_set_comp_prec
bli_obj_set_conj	bli_obj_set_conj
bli_obj_set_conjtrans	bli_obj_set_conjtrans
bli_obj_set_defaults	bli_obj_set_defaults
bli_obj_set_diag	bli_obj_set_diag
bli_obj_set_diag_offset	bli_obj_set_diag_offset
bli_obj_set_dim	bli_obj_set_dim
bli_obj_set_dims	bli_obj_set_dims
bli_obj_set_dims_with_trans	bli_obj_set_dims_with_trans
bli_obj_set_dt	bli_obj_set_dt
bli_obj_set_elem_size	bli_obj_set_elem_size
bli_obj_set_imag_stride	bli_obj_set_imag_stride
bli_obj_set_invert_diag	bli_obj_set_invert_diag
bli_obj_set_length	bli_obj_set_length
bli_obj_set_off	bli_obj_set_off
bli_obj_set_offs	bli_obj_set_offs
bli_obj_set_onlytrans	bli_obj_set_onlytrans
bli_obj_set_pack_buffer_type	bli_obj_set_pack_buffer_type
bli_obj_set_pack_order_if_lower	bli_obj_set_pack_order_if_lower
bli_obj_set_pack_order_if_upper	bli_obj_set_pack_order_if_upper
bli_obj_set_pack_schema	bli_obj_set_pack_schema
bli_obj_set_padded_dims	bli_obj_set_padded_dims
bli_obj_set_padded_length	bli_obj_set_padded_length
bli_obj_set_padded_width	bli_obj_set_padded_width
bli_obj_set_panel_dim	bli_obj_set_panel_dim
bli_obj_set_panel_dims	bli_obj_set_panel_dims
bli_obj_set_panel_length	bli_obj_set_panel_length
bli_obj_set_panel_stride	bli_obj_set_panel_stride
bli_obj_set_panel_width	bli_obj_set_panel_width
bli_obj_set_row_stride	bli_obj_set_row_stride
bli_obj_set_scalar_domain	bli_obj_set_scalar_domain
bli_obj_set_scalar_dt	bli_obj_set_scalar_dt
bli_obj_set_scalar_prec	bli_obj_set_scalar_prec
bli_obj_set_strides	bli_obj_set_strides
bli_obj_set_struc	bli_obj_set_struc
bli_obj_set_uplo	bli_obj_set_uplo
bli_obj_set_width	bli_obj_set_width
bli_obj_stor3_from_strides	bli_obj_stor3_from_strides
bli_obj_struc	bli_obj_struc
bli_obj_swap	bli_obj_swap
bli_obj_toggle_conj	bli_obj_toggle_conj
bli_obj_toggle_region_ref	bli_obj_toggle_region_ref
bli_obj_toggle_trans	bli_obj_toggle_trans
bli_obj_toggle_uplo	bli_obj_toggle_uplo
bli_obj_toggle_uplo_if_trans	bli_obj_toggle_uplo_if_trans
bli_obj_uplo	bli_obj_uplo
bli_obj_vector_dim	bli_obj_vector_dim
bli_obj_vector_inc	bli_obj_vector_inc
bli_obj_width	bli_obj_width
bli_obj_width_after_trans	bli_obj_width_after_trans
bli_obj_width_stored	bli_obj_width_stored
bli_obj_width_stored_after_trans	bli_obj_width_stored_after_trans
bli_offset_past_alignment	bli_offset_past_alignment
bli_opid_is_level3	bli_opid_is_level3
bli_pack_get_pack_a	bli_pack_get_pack_a
bli_pack_get_pack_b	bli_pack_get_pack_b
bli_pack_schema_index	bli_pack_schema_index
bli_pack_set_pack_a	bli_pack_set_pack_a
bli_pack_set_pack_b	bli_pack_set_pack_b
bli_packbuf_index	bli_packbuf_index
bli_packm_alloc	bli_packm_alloc
bli_packm_alloc_ex	bli_packm_alloc_ex
bli_packm_blk_var1	bli_packm_blk_var1
bli_packm_cntl_set_variant	bli_packm_cntl_set_variant
bli_packm_cntl_variant	bli_packm_cntl_variant
bli_packm_cntl_variant_params	bli_packm_cntl_variant_params
bli_packm_def_cntl_bmult_m_bcast	bli_packm_def_cntl_bmult_m_bcast
bli_packm_def_cntl_bmult_m_def	bli_packm_def_cntl_bmult_m_def
bli_packm_def_cntl_bmult_m_pack	bli_packm_def_cntl_bmult_m_pack
bli_packm_def_cntl_bmult_n_def	bli_packm_def_cntl_bmult_n_def
bli_packm_def_cntl_does_invert_diag	bli_packm_def_cntl_does_invert_diag
bli_packm_def_cntl_pack_buf_type	bli_packm_def_cntl_pack_buf_type
bli_packm_def_cntl_pack_schema	bli_packm_def_cntl_pack_schema
bli_packm_def_cntl_rev_iter_if_lower	bli_packm_def_cntl_rev_iter_if_lower
bli_packm_def_cntl_rev_iter_if_upper	bli_packm_def_cntl_rev_iter_if_upper
bli_packm_def_cntl_set_bmult_m	bli_packm_def_cntl_set_bmult_m
bli_packm_def_cntl_set_bmult_m_bcast	bli_packm_def_cntl_set_bmult_m_bcast
bli_packm_def_cntl_set_bmult_n	bli_packm_def_cntl_set_bmult_n
bli_packm_def_cntl_set_does_invert_diag	bli_packm_def_cntl_set_does_invert_diag
bli_packm_def_cntl_set_pack_buf_type	bli_packm_def_cntl_set_pack_buf_type
bli_packm_def_cntl_set_pack_schema	bli_packm_def_cntl_set_pack_schema
bli_packm_def_cntl_set_rev_iter_if_lower	bli_packm_def_cntl_set_rev_iter_if_lower
bli_packm_def_cntl_set_rev_iter_if_upper	bli_packm_def_cntl_set_rev_iter_if_upper
bli_packm_def_cntl_set_ukr	bli_packm_def_cntl_set_ukr
bli_packm_def_cntl_set_ukr_simple	bli_packm_def_cntl_set_ukr_simple
bli_packm_def_cntl_target_dt	bli_packm_def_cntl_target_dt
bli_packm_def_cntl_ukr	bli_packm_def_cntl_ukr
bli_packm_def_cntl_ukr_params	bli_packm_def_cntl_ukr_params
bli_packm_init	bli_packm_init
bli_packm_init_check	bli_packm_init_check
bli_packm_int	bli_packm_int
bli_packm_int_check	bli_packm_int_check
bli_packm_scalar	bli_packm_scalar
bli_packm_sup_finalize_mem	bli_packm_sup_finalize_mem
bli_param_map_blis_to_char_conj	bli_param_map_blis_to_char_conj
bli_param_map_blis_to_char_diag	bli_param_map_blis_to_char_diag
bli_param_map_blis_to_char_dt	bli_param_map_blis_to_char_dt
bli_param_map_blis_to_char_side	bli_param_map_blis_to_char_side
bli_param_map_blis_to_char_trans	bli_param_map_blis_to_char_trans
bli_param_map_blis_to_char_uplo	bli_param_map_blis_to_char_uplo
bli_param_map_blis_to_netlib_diag	bli_param_map_blis_to_netlib_diag
bli_param_map_blis_to_netlib_machval	bli_param_map_blis_to_netlib_machval
bli_param_map_blis_to_netlib_side	bli_param_map_blis_to_netlib_side
bli_param_map_blis_to_netlib_trans	bli_param_map_blis_to_netlib_trans
bli_param_map_blis_to_netlib_uplo	bli_param_map_blis_to_netlib_uplo
bli_param_map_char_to_blis_conj	bli_param_map_char_to_blis_conj
bli_param_map_char_to_blis_diag	bli_param_map_char_to_blis_diag
bli_param_map_char_to_blis_dt	bli_param_map_char_to_blis_dt
bli_param_map_char_to_blis_side	bli_param_map_char_to_blis_side
bli_param_map_char_to_blis_trans	bli_param_map_char_to_blis_trans
bli_param_map_char_to_blis_uplo	bli_param_map_char_to_blis_uplo
bli_param_map_netlib_to_blis_diag	bli_param_map_netlib_to_blis_diag
bli_param_map_netlib_to_blis_side	bli_param_map_netlib_to_blis_side
bli_param_map_netlib_to_blis_trans	bli_param_map_netlib_to_blis_trans
bli_param_map_netlib_to_blis_uplo	bli_param_map_netlib_to_blis_uplo
bli_part_cntl_align_blksz	bli_part_cntl_align_blksz
bli_part_cntl_align_blksz_to_mult	bli_part_cntl_align_blksz_to_mult
bli_part_cntl_blksz_alg	bli_part_cntl_blksz_alg
bli_part_cntl_blksz_max	bli_part_cntl_blksz_max
bli_part_cntl_blksz_mult	bli_part_cntl_blksz_mult
bli_part_cntl_direct	bli_part_cntl_direct
bli_part_cntl_init_node	bli_part_cntl_init_node
bli_part_cntl_set_blksz	bli_part_cntl_set_blksz
bli_part_cntl_set_blksz_mult	bli_part_cntl_set_blksz_mult
bli_part_cntl_set_direct	bli_part_cntl_set_direct
bli_part_cntl_set_use_weighted	bli_part_cntl_set_use_weighted
bli_part_cntl_use_weighted	bli_part_cntl_use_weighted
bli_pba_acquire_m	bli_pba_acquire_m
bli_pba_align_size	bli_pba_align_size
bli_pba_compute_pool_block_sizes	bli_pba_compute_pool_block_sizes
bli_pba_compute_pool_block_sizes_dt	bli_pba_compute_pool_block_sizes_dt
bli_pba_finalize	bli_pba_finalize
bli_pba_finalize_pools	bli_pba_finalize_pools
bli_pba_free_fp	bli_pba_free_fp
bli_pba_init	bli_pba_init
bli_pba_init_pools	bli_pba_init_pools
bli_pba_lock	bli_pba_lock
bli_pba_malloc_fp	bli_pba_malloc_fp
bli_pba_pool	bli_pba_pool
bli_pba_pool_size	bli_pba_pool_size
bli_pba_query	bli_pba_query
bli_pba_release	bli_pba_release
bli_pba_set_align_size	bli_pba_set_align_size
bli_pba_set_free_fp	bli_pba_set_free_fp
bli_pba_set_malloc_fp	bli_pba_set_malloc_fp
bli_pba_unlock	bli_pba_unlock
bli_pblk_block_size	bli_pblk_block_size
bli_pblk_buf	bli_pblk_buf
bli_pblk_clear	bli_pblk_clear
bli_pblk_print	bli_pblk_print
bli_pblk_set_block_size	bli_pblk_set_block_size
bli_pool_align_size	bli_pool_align_size
bli_pool_alloc_block	bli_pool_alloc_block
bli_pool_block_ptrs	bli_pool_block_ptrs
bli_pool_block_ptrs_len	bli_pool_block_ptrs_len
bli_pool_block_size	bli_pool_block_size
bli_pool_checkin_block	bli_pool_checkin_block
bli_pool_checkout_block	bli_pool_checkout_block
bli_pool_finalize	bli_pool_finalize
bli_pool_free_block	bli_pool_free_block
bli_pool_free_fp	bli_pool_free_fp
bli_pool_grow	bli_pool_grow
bli_pool_init	bli_pool_init
bli_pool_is_exhausted	bli_pool_is_exhausted
bli_pool_malloc_fp	bli_pool_malloc_fp
bli_pool_num_blocks	bli_pool_num_blocks
bli_pool_offset_size	bli_pool_offset_size
bli_pool_print	bli_pool_print
bli_pool_reinit	bli_pool_reinit
bli_pool_set_align_size	bli_pool_set_align_size
bli_pool_set_block_ptrs_len	bli_pool_set_block_ptrs_len
bli_pool_set_block_size	bli_pool_set_block_size
bli_pool_set_free_fp	bli_pool_set_free_fp
bli_pool_set_malloc_fp	bli_pool_set_malloc_fp
bli_pool_set_num_blocks	bli_pool_set_num_blocks
bli_pool_set_offset_size	bli_pool_set_offset_size
bli_pool_set_top_index	bli_pool_set_top_index
bli_pool_shrink	bli_pool_shrink
bli_pool_top_index	bli_pool_top_index
bli_print_msg	bli_print_msg
bli_printm	bli_printm
bli_printv	bli_printv
bli_projm	bli_projm
bli_projm_check	bli_projm_check
bli_projv	bli_projv
bli_projv_check	bli_projv_check
bli_prune_unref_mparts	bli_prune_unref_mparts
bli_prune_unstored_region_bottom_u	bli_prune_unstored_region_bottom_u
bli_prune_unstored_region_left_u	bli_prune_unstored_region_left_u
bli_prune_unstored_region_right_l	bli_prune_unstored_region_right_l
bli_prune_unstored_region_top_l	bli_prune_unstored_region_top_l
bli_pthread_mutex_destroy	bli_pthread_mutex_destroy
bli_pthread_mutex_init	bli_pthread_mutex_init
bli_pthread_mutex_lock	bli_pthread_mutex_lock
bli_pthread_mutex_trylock	bli_pthread_mutex_trylock
bli_pthread_mutex_unlock	bli_pthread_mutex_unlock
bli_rand	bli_rand
bli_randm	bli_randm
bli_randm_check	bli_randm_check
bli_randm_ex	bli_randm_ex
bli_randm_ex_qfp	bli_randm_ex_qfp
bli_randnm	bli_randnm
bli_randnm_check	bli_randnm_check
bli_randnm_ex	bli_randnm_ex
bli_randnm_ex_qfp	bli_randnm_ex_qfp
bli_randnp2s	bli_randnp2s
bli_randnv	bli_randnv
bli_randnv_check	bli_randnv_check
bli_randnv_ex	bli_randnv_ex
bli_randnv_ex_qfp	bli_randnv_ex_qfp
bli_randv	bli_randv
bli_randv_check	bli_randv_check
bli_randv_ex	bli_randv_ex
bli_randv_ex_qfp	bli_randv_ex_qfp
bli_reflect_about_diag	bli_reflect_about_diag
bli_reverse_index_direction	bli_reverse_index_direction
bli_rntm_auto_factor	bli_rntm_auto_factor
bli_rntm_calc_num_threads	bli_rntm_calc_num_threads
bli_rntm_calc_num_threads_in	bli_rntm_calc_num_threads_in
bli_rntm_clear_auto_factor	bli_rntm_clear_auto_factor
bli_rntm_clear_l3_sup	bli_rntm_clear_l3_sup
bli_rntm_clear_num_threads_only	bli_rntm_clear_num_threads_only
bli_rntm_clear_pack_a	bli_rntm_clear_pack_a
bli_rntm_clear_pack_b	bli_rntm_clear_pack_b
bli_rntm_clear_thread_impl	bli_rntm_clear_thread_impl
bli_rntm_clear_ways_only	bli_rntm_clear_ways_only
bli_rntm_disable_l3_sup	bli_rntm_disable_l3_sup
bli_rntm_enable_l3_sup	bli_rntm_enable_l3_sup
bli_rntm_factorize	bli_rntm_factorize
bli_rntm_factorize_sup	bli_rntm_factorize_sup
bli_rntm_finalize	bli_rntm_finalize
bli_rntm_ic_ways	bli_rntm_ic_ways
bli_rntm_init	bli_rntm_init
bli_rntm_init_from_env	bli_rntm_init_from_env
bli_rntm_init_from_global	bli_rntm_init_from_global
bli_rntm_ir_ways	bli_rntm_ir_ways
bli_rntm_jc_ways	bli_rntm_jc_ways
bli_rntm_jr_ways	bli_rntm_jr_ways
bli_rntm_l3_sup	bli_rntm_l3_sup
bli_rntm_num_threads	bli_rntm_num_threads
bli_rntm_pack_a	bli_rntm_pack_a
bli_rntm_pack_b	bli_rntm_pack_b
bli_rntm_pc_ways	bli_rntm_pc_ways
bli_rntm_pr_ways	bli_rntm_pr_ways
bli_rntm_print	bli_rntm_print
bli_rntm_sanitize	bli_rntm_sanitize
bli_rntm_set_auto_factor_only	bli_rntm_set_auto_factor_only
bli_rntm_set_ic_ways_only	bli_rntm_set_ic_ways_only
bli_rntm_set_ir_ways_only	bli_rntm_set_ir_ways_only
bli_rntm_set_jc_ways_only	bli_rntm_set_jc_ways_only
bli_rntm_set_jr_ways_only	bli_rntm_set_jr_ways_only
bli_rntm_set_l3_sup	bli_rntm_set_l3_sup
bli_rntm_set_num_threads	bli_rntm_set_num_threads
bli_rntm_set_num_threads_only	bli_rntm_set_num_threads_only
bli_rntm_set_pack_a	bli_rntm_set_pack_a
bli_rntm_set_pack_b	bli_rntm_set_pack_b
bli_rntm_set_pc_ways_only	bli_rntm_set_pc_ways_only
bli_rntm_set_pr_ways_only	bli_rntm_set_pr_ways_only
bli_rntm_set_thread_impl	bli_rntm_set_thread_impl
bli_rntm_set_thread_impl_only	bli_rntm_set_thread_impl_only
bli_rntm_set_ways	bli_rntm_set_ways
bli_rntm_set_ways_for_only	bli_rntm_set_ways_for_only
bli_rntm_set_ways_only	bli_rntm_set_ways_only
bli_rntm_thread_impl	bli_rntm_thread_impl
bli_rntm_total_ways_for	bli_rntm_total_ways_for
bli_rntm_ways_for	bli_rntm_ways_for
bli_rotate180_trapezoid	bli_rotate180_trapezoid
bli_round	bli_round
bli_round_to_mult	bli_round_to_mult
bli_sabsqsc	bli_sabsqsc
bli_saddd	bli_saddd
bli_saddd_ex	bli_saddd_ex
bli_saddm	bli_saddm
bli_saddm_ex	bli_saddm_ex
bli_saddm_unb_var1	bli_saddm_unb_var1
bli_saddsc	bli_saddsc
bli_saddv	bli_saddv
bli_saddv_ex	bli_saddv_ex
bli_samaxv	bli_samaxv
bli_samaxv_ex	bli_samaxv_ex
bli_sasumv	bli_sasumv
bli_sasumv_ex	bli_sasumv_ex
bli_sasumv_unb_var1	bli_sasumv_unb_var1
bli_saxpbyv	bli_saxpbyv
bli_saxpbyv_ex	bli_saxpbyv_ex
bli_saxpy2v	bli_saxpy2v
bli_saxpy2v_ex	bli_saxpy2v_ex
bli_saxpyd	bli_saxpyd
bli_saxpyd_ex	bli_saxpyd_ex
bli_saxpyf	bli_saxpyf
bli_saxpyf_ex	bli_saxpyf_ex
bli_saxpym	bli_saxpym
bli_saxpym_ex	bli_saxpym_ex
bli_saxpym_unb_var1	bli_saxpym_unb_var1
bli_saxpyv	bli_saxpyv
bli_saxpyv_ex	bli_saxpyv_ex
bli_sba_acquire	bli_sba_acquire
bli_sba_array_elem	bli_sba_array_elem
bli_sba_checkin_array	bli_sba_checkin_array
bli_sba_checkout_array	bli_sba_checkout_array
bli_sba_finalize	bli_sba_finalize
bli_sba_init	bli_sba_init
bli_sba_query	bli_sba_query
bli_scal2d	bli_scal2d
bli_scal2d_check	bli_scal2d_check
bli_scal2d_ex	bli_scal2d_ex
bli_scal2d_ex_qfp	bli_scal2d_ex_qfp
bli_scal2m	bli_scal2m
bli_scal2m_check	bli_scal2m_check
bli_scal2m_ex	bli_scal2m_ex
bli_scal2m_ex_qfp	bli_scal2m_ex_qfp
bli_scal2v	bli_scal2v
bli_scal2v_check	bli_scal2v_check
bli_scal2v_ex	bli_scal2v_ex
bli_scal2v_ex_qfp	bli_scal2v_ex_qfp
bli_scald	bli_scald
bli_scald_check	bli_scald_check
bli_scald_ex	bli_scald_ex
bli_scald_ex_qfp	bli_scald_ex_qfp
bli_scalm	bli_scalm
bli_scalm_check	bli_scalm_check
bli_scalm_ex	bli_scalm_ex
bli_scalm_ex_qfp	bli_scalm_ex_qfp
bli_scalv	bli_scalv
bli_scalv_check	bli_scalv_check
bli_scalv_ex	bli_scalv_ex
bli_scalv_ex_qfp	bli_scalv_ex_qfp
bli_scopyd	bli_scopyd
bli_scopyd_ex	bli_scopyd_ex
bli_scopym	bli_scopym
bli_scopym_ex	bli_scopym_ex
bli_scopym_unb_var1	bli_scopym_unb_var1
bli_scopyv	bli_scopyv
bli_scopyv_ex	bli_scopyv_ex
bli_sdcast	bli_sdcast
bli_sdivsc	bli_sdivsc
bli_sdotaxpyv	bli_sdotaxpyv
bli_sdotaxpyv_ex	bli_sdotaxpyv_ex
bli_sdotv	bli_sdotv
bli_sdotv_ex	bli_sdotv_ex
bli_sdotxaxpyf	bli_sdotxaxpyf
bli_sdotxaxpyf_ex	bli_sdotxaxpyf_ex
bli_sdotxf	bli_sdotxf
bli_sdotxf_ex	bli_sdotxf_ex
bli_sdotxv	bli_sdotxv
bli_sdotxv_ex	bli_sdotxv_ex
bli_sdxpbym_md	bli_sdxpbym_md
bli_sdxpbym_md_ex	bli_sdxpbym_md_ex
bli_sdxpbym_md_unb_var1	bli_sdxpbym_md_unb_var1
bli_seqm	bli_seqm
bli_seqm_unb_var1	bli_seqm_unb_var1
bli_seqsc	bli_seqsc
bli_seqv	bli_seqv
bli_seqv_unb_var1	bli_seqv_unb_var1
bli_set_dim_with_side	bli_set_dim_with_side
bli_set_dims_incs_1d	bli_set_dims_incs_1d
bli_set_dims_incs_2d	bli_set_dims_incs_2d
bli_set_dims_incs_2m	bli_set_dims_incs_2m
bli_set_dims_incs_uplo_1m	bli_set_dims_incs_uplo_1m
bli_set_dims_incs_uplo_1m_noswap	bli_set_dims_incs_uplo_1m_noswap
bli_set_dims_incs_uplo_2m	bli_set_dims_incs_uplo_2m
bli_set_dims_incs_with_trans	bli_set_dims_incs_with_trans
bli_set_dims_with_trans	bli_set_dims_with_trans
bli_setd	bli_setd
bli_setd_check	bli_setd_check
bli_setd_ex	bli_setd_ex
bli_setd_ex_qfp	bli_setd_ex_qfp
bli_setid	bli_setid
bli_setid_check	bli_setid_check
bli_setid_ex	bli_setid_ex
bli_setid_ex_qfp	bli_setid_ex_qfp
bli_setijm	bli_setijm
bli_setijv	bli_setijv
bli_setim	bli_setim
bli_setiv	bli_setiv
bli_setm	bli_setm
bli_setm_check	bli_setm_check
bli_setm_ex	bli_setm_ex
bli_setm_ex_qfp	bli_setm_ex_qfp
bli_setrm	bli_setrm
bli_setrv	bli_setrv
bli_setsc	bli_setsc
bli_setsc_check	bli_setsc_check
bli_setsc_qfp	bli_setsc_qfp
bli_setv	bli_setv
bli_setv_check	bli_setv_check
bli_setv_ex	bli_setv_ex
bli_setv_ex_qfp	bli_setv_ex_qfp
bli_sgemm	bli_sgemm
bli_sgemm_ex	bli_sgemm_ex
bli_sgemmt	bli_sgemmt
bli_sgemmt_ex	bli_sgemmt_ex
bli_sgemv	bli_sgemv
bli_sgemv_ex	bli_sgemv_ex
bli_sgemv_unb_var1	bli_sgemv_unb_var1
bli_sgemv_unb_var2	bli_sgemv_unb_var2
bli_sgemv_unf_var1	bli_sgemv_unf_var1
bli_sgemv_unf_var2	bli_sgemv_unf_var2
bli_sger	bli_sger
bli_sger_ex	bli_sger_ex
bli_sger_unb_var1	bli_sger_unb_var1
bli_sger_unb_var2	bli_sger_unb_var2
bli_sgesc	bli_sgesc
bli_sgetijm	bli_sgetijm
bli_sgetijv	bli_sgetijv
bli_sgetsc	bli_sgetsc
bli_sgtsc	bli_sgtsc
bli_shemm	bli_shemm
bli_shemm_ex	bli_shemm_ex
bli_shemv	bli_shemv
bli_shemv_ex	bli_shemv_ex
bli_shemv_unb_var1	bli_shemv_unb_var1
bli_shemv_unb_var2	bli_shemv_unb_var2
bli_shemv_unb_var3	bli_shemv_unb_var3
bli_shemv_unb_var4	bli_shemv_unb_var4
bli_shemv_unf_var1	bli_shemv_unf_var1
bli_shemv_unf_var1a	bli_shemv_unf_var1a
bli_shemv_unf_var3	bli_shemv_unf_var3
bli_shemv_unf_var3a	bli_shemv_unf_var3a
bli_sher	bli_sher
bli_sher2	bli_sher2
bli_sher2_ex	bli_sher2_ex
bli_sher2_unb_var1	bli_sher2_unb_var1
bli_sher2_unb_var2	bli_sher2_unb_var2
bli_sher2_unb_var3	bli_sher2_unb_var3
bli_sher2_unb_var4	bli_sher2_unb_var4
bli_sher2_unf_var1	bli_sher2_unf_var1
bli_sher2_unf_var4	bli_sher2_unf_var4
bli_sher2k	bli_sher2k
bli_sher2k_ex	bli_sher2k_ex
bli_sher_ex	bli_sher_ex
bli_sher_unb_var1	bli_sher_unb_var1
bli_sher_unb_var2	bli_sher_unb_var2
bli_sherk	bli_sherk
bli_sherk_ex	bli_sherk_ex
bli_shift_diag_offset_to_grow_uplo	bli_shift_diag_offset_to_grow_uplo
bli_shift_diag_offset_to_shrink_uplo	bli_shift_diag_offset_to_shrink_uplo
bli_shiftd	bli_shiftd
bli_shiftd_check	bli_shiftd_check
bli_shiftd_ex	bli_shiftd_ex
bli_shiftd_ex_qfp	bli_shiftd_ex_qfp
bli_sicast	bli_sicast
bli_side_toggled	bli_side_toggled
bli_sinvertd	bli_sinvertd
bli_sinvertd_ex	bli_sinvertd_ex
bli_sinvertsc	bli_sinvertsc
bli_sinvertv	bli_sinvertv
bli_sinvertv_ex	bli_sinvertv_ex
bli_sinvscald	bli_sinvscald
bli_sinvscald_ex	bli_sinvscald_ex
bli_sinvscalm	bli_sinvscalm
bli_sinvscalm_ex	bli_sinvscalm_ex
bli_sinvscalm_unb_var1	bli_sinvscalm_unb_var1
bli_sinvscalv	bli_sinvscalv
bli_sinvscalv_ex	bli_sinvscalv_ex
bli_slesc	bli_slesc
bli_sltsc	bli_sltsc
bli_smkherm	bli_smkherm
bli_smkherm_ex	bli_smkherm_ex
bli_smkherm_unb_var1	bli_smkherm_unb_var1
bli_smksymm	bli_smksymm
bli_smksymm_ex	bli_smksymm_ex
bli_smksymm_unb_var1	bli_smksymm_unb_var1
bli_smktrim	bli_smktrim
bli_smktrim_ex	bli_smktrim_ex
bli_smktrim_unb_var1	bli_smktrim_unb_var1
bli_smulsc	bli_smulsc
bli_snorm1m	bli_snorm1m
bli_snorm1m_ex	bli_snorm1m_ex
bli_snorm1m_unb_var1	bli_snorm1m_unb_var1
bli_snorm1v	bli_snorm1v
bli_snorm1v_ex	bli_snorm1v_ex
bli_snorm1v_unb_var1	bli_snorm1v_unb_var1
bli_snormfm	bli_snormfm
bli_snormfm_ex	bli_snormfm_ex
bli_snormfm_unb_var1	bli_snormfm_unb_var1
bli_snormfsc	bli_snormfsc
bli_snormfv	bli_snormfv
bli_snormfv_ex	bli_snormfv_ex
bli_snormfv_unb_var1	bli_snormfv_unb_var1
bli_snormim	bli_snormim
bli_snormim_ex	bli_snormim_ex
bli_snormim_unb_var1	bli_snormim_unb_var1
bli_snormiv	bli_snormiv
bli_snormiv_ex	bli_snormiv_ex
bli_snormiv_unb_var1	bli_snormiv_unb_var1
bli_sqrtrsc	bli_sqrtrsc
bli_sqrtrsc_check	bli_sqrtrsc_check
bli_sqrtrsc_qfp	bli_sqrtrsc_qfp
bli_sqrtsc	bli_sqrtsc
bli_sqrtsc_check	bli_sqrtsc_check
bli_sqrtsc_qfp	bli_sqrtsc_qfp
bli_srandm	bli_srandm
bli_srandm_ex	bli_srandm_ex
bli_srandm_unb_var1	bli_srandm_unb_var1
bli_srandnm	bli_srandnm
bli_srandnm_ex	bli_srandnm_ex
bli_srandnm_unb_var1	bli_srandnm_unb_var1
bli_srandnv	bli_srandnv
bli_srandnv_ex	bli_srandnv_ex
bli_srandnv_unb_var1	bli_srandnv_unb_var1
bli_srandv	bli_srandv
bli_srandv_ex	bli_srandv_ex
bli_srandv_unb_var1	bli_srandv_unb_var1
bli_sscal2d	bli_sscal2d
bli_sscal2d_ex	bli_sscal2d_ex
bli_sscal2m	bli_sscal2m
bli_sscal2m_ex	bli_sscal2m_ex
bli_sscal2m_unb_var1	bli_sscal2m_unb_var1
bli_sscal2v	bli_sscal2v
bli_sscal2v_ex	bli_sscal2v_ex
bli_sscald	bli_sscald
bli_sscald_ex	bli_sscald_ex
bli_sscalm	bli_sscalm
bli_sscalm_ex	bli_sscalm_ex
bli_sscalm_unb_var1	bli_sscalm_unb_var1
bli_sscalv	bli_sscalv
bli_sscalv_ex	bli_sscalv_ex
bli_sscast	bli_sscast
bli_ssetd	bli_ssetd
bli_ssetd_ex	bli_ssetd_ex
bli_ssetid	bli_ssetid
bli_ssetid_ex	bli_ssetid_ex
bli_ssetijm	bli_ssetijm
bli_ssetijv	bli_ssetijv
bli_ssetm	bli_ssetm
bli_ssetm_ex	bli_ssetm_ex
bli_ssetm_unb_var1	bli_ssetm_unb_var1
bli_ssetsc	bli_ssetsc
bli_ssetv	bli_ssetv
bli_ssetv_ex	bli_ssetv_ex
bli_sshiftd	bli_sshiftd
bli_sshiftd_ex	bli_sshiftd_ex
bli_ssqrtrsc	bli_ssqrtrsc
bli_ssqrtsc	bli_ssqrtsc
bli_ssubd	bli_ssubd
bli_ssubd_ex	bli_ssubd_ex
bli_ssubm	bli_ssubm
bli_ssubm_ex	bli_ssubm_ex
bli_ssubm_unb_var1	bli_ssubm_unb_var1
bli_ssubsc	bli_ssubsc
bli_ssubv	bli_ssubv
bli_ssubv_ex	bli_ssubv_ex
bli_ssumsqv	bli_ssumsqv
bli_ssumsqv_ex	bli_ssumsqv_ex
bli_ssumsqv_unb_var1	bli_ssumsqv_unb_var1
bli_sswapv	bli_sswapv
bli_sswapv_ex	bli_sswapv_ex
bli_ssxpbym_md	bli_ssxpbym_md
bli_ssxpbym_md_ex	bli_ssxpbym_md_ex
bli_ssxpbym_md_unb_var1	bli_ssxpbym_md_unb_var1
bli_ssymm	bli_ssymm
bli_ssymm_ex	bli_ssymm_ex
bli_ssymv	bli_ssymv
bli_ssymv_ex	bli_ssymv_ex
bli_ssyr	bli_ssyr
bli_ssyr2	bli_ssyr2
bli_ssyr2_ex	bli_ssyr2_ex
bli_ssyr2k	bli_ssyr2k
bli_ssyr2k_ex	bli_ssyr2k_ex
bli_ssyr_ex	bli_ssyr_ex
bli_ssyrk	bli_ssyrk
bli_ssyrk_ex	bli_ssyrk_ex
bli_stack_finalize	bli_stack_finalize
bli_stack_init	bli_stack_init
bli_stack_push	bli_stack_push
bli_stack_size	bli_stack_size
bli_stor3_from_strides	bli_stor3_from_strides
bli_stor3_stora	bli_stor3_stora
bli_stor3_storb	bli_stor3_storb
bli_stor3_storc	bli_stor3_storc
bli_stor3_trans	bli_stor3_trans
bli_stor3_transa	bli_stor3_transa
bli_stor3_transb	bli_stor3_transb
bli_stor3_ukr	bli_stor3_ukr
bli_string_mkupper	bli_string_mkupper
bli_strmm	bli_strmm
bli_strmm3	bli_strmm3
bli_strmm3_ex	bli_strmm3_ex
bli_strmm_ex	bli_strmm_ex
bli_strmv	bli_strmv
bli_strmv_ex	bli_strmv_ex
bli_strmv_unb_var1	bli_strmv_unb_var1
bli_strmv_unb_var2	bli_strmv_unb_var2
bli_strmv_unf_var1	bli_strmv_unf_var1
bli_strmv_unf_var2	bli_strmv_unf_var2
bli_strsm	bli_strsm
bli_strsm_ex	bli_strsm_ex
bli_strsv	bli_strsv
bli_strsv_ex	bli_strsv_ex
bli_strsv_unb_var1	bli_strsv_unb_var1
bli_strsv_unb_var2	bli_strsv_unb_var2
bli_strsv_unf_var1	bli_strsv_unf_var1
bli_strsv_unf_var2	bli_strsv_unf_var2
bli_subd	bli_subd
bli_subd_check	bli_subd_check
bli_subd_ex	bli_subd_ex
bli_subd_ex_qfp	bli_subd_ex_qfp
bli_subm	bli_subm
bli_subm_check	bli_subm_check
bli_subm_ex	bli_subm_ex
bli_subm_ex_qfp	bli_subm_ex_qfp
bli_subsc	bli_subsc
bli_subsc_check	bli_subsc_check
bli_subsc_qfp	bli_subsc_qfp
bli_subv	bli_subv
bli_subv_check	bli_subv_check
bli_subv_ex	bli_subv_ex
bli_subv_ex_qfp	bli_subv_ex_qfp
bli_sumsqv	bli_sumsqv
bli_sumsqv_check	bli_sumsqv_check
bli_sumsqv_ex	bli_sumsqv_ex
bli_sumsqv_ex_qfp	bli_sumsqv_ex_qfp
bli_sunzipsc	bli_sunzipsc
bli_swap_dims	bli_swap_dims
bli_swap_incs	bli_swap_incs
bli_swapv	bli_swapv
bli_swapv_check	bli_swapv_check
bli_swapv_ex	bli_swapv_ex
bli_swapv_ex_qfp	bli_swapv_ex_qfp
bli_sxpbyd	bli_sxpbyd
bli_sxpbyd_ex	bli_sxpbyd_ex
bli_sxpbym	bli_sxpbym
bli_sxpbym_ex	bli_sxpbym_ex
bli_sxpbym_unb_var1	bli_sxpbym_unb_var1
bli_sxpbyv	bli_sxpbyv
bli_sxpbyv_ex	bli_sxpbyv_ex
bli_symm	bli_symm
bli_symm_check	bli_symm_check
bli_symm_ex	bli_symm_ex
bli_symmind_find_avail	bli_symmind_find_avail
bli_symv	bli_symv
bli_symv_check	bli_symv_check
bli_symv_ex	bli_symv_ex
bli_symv_ex_qfp	bli_symv_ex_qfp
bli_syr	bli_syr
bli_syr2	bli_syr2
bli_syr2_check	bli_syr2_check
bli_syr2_ex	bli_syr2_ex
bli_syr2_ex_qfp	bli_syr2_ex_qfp
bli_syr2k	bli_syr2k
bli_syr2k_check	bli_syr2k_check
bli_syr2k_ex	bli_syr2k_ex
bli_syr_check	bli_syr_check
bli_syr_ex	bli_syr_ex
bli_syr_ex_qfp	bli_syr_ex_qfp
bli_syrk	bli_syrk
bli_syrk_check	bli_syrk_check
bli_syrk_ex	bli_syrk_ex
bli_szipsc	bli_szipsc
bli_thrcomm_barrier	bli_thrcomm_barrier
bli_thrcomm_barrier_atomic	bli_thrcomm_barrier_atomic
bli_thrcomm_barrier_single	bli_thrcomm_barrier_single
bli_thrcomm_cleanup	bli_thrcomm_cleanup
bli_thrcomm_cleanup_single	bli_thrcomm_cleanup_single
bli_thrcomm_create	bli_thrcomm_create
bli_thrcomm_free	bli_thrcomm_free
bli_thrcomm_init	bli_thrcomm_init
bli_thrcomm_init_single	bli_thrcomm_init_single
bli_thrcomm_num_threads	bli_thrcomm_num_threads
bli_thrcomm_thread_impl	bli_thrcomm_thread_impl
bli_thread_finalize	bli_thread_finalize
bli_thread_get_ic_nt	bli_thread_get_ic_nt
bli_thread_get_ir_nt	bli_thread_get_ir_nt
bli_thread_get_jc_nt	bli_thread_get_jc_nt
bli_thread_get_jr_nt	bli_thread_get_jr_nt
bli_thread_get_num_threads	bli_thread_get_num_threads
bli_thread_get_pc_nt	bli_thread_get_pc_nt
bli_thread_get_thread_impl	bli_thread_get_thread_impl
bli_thread_get_thread_impl_str	bli_thread_get_thread_impl_str
bli_thread_init	bli_thread_init
bli_thread_range	bli_thread_range
bli_thread_range_mdim	bli_thread_range_mdim
bli_thread_range_ndim	bli_thread_range_ndim
bli_thread_range_quad	bli_thread_range_quad
bli_thread_range_rr	bli_thread_range_rr
bli_thread_range_sl	bli_thread_range_sl
bli_thread_range_slrr	bli_thread_range_slrr
bli_thread_range_sub	bli_thread_range_sub
bli_thread_range_tlb_d	bli_thread_range_tlb_d
bli_thread_range_tlb_l	bli_thread_range_tlb_l
bli_thread_range_tlb_trmm_ll	bli_thread_range_tlb_trmm_ll
bli_thread_range_tlb_trmm_lu	bli_thread_range_tlb_trmm_lu
bli_thread_range_tlb_trmm_lx_impl	bli_thread_range_tlb_trmm_lx_impl
bli_thread_range_tlb_trmm_rl	bli_thread_range_tlb_trmm_rl
bli_thread_range_tlb_trmm_rl_impl	bli_thread_range_tlb_trmm_rl_impl
bli_thread_range_tlb_trmm_ru	bli_thread_range_tlb_trmm_ru
bli_thread_range_tlb_u	bli_thread_range_tlb_u
bli_thread_range_weighted_sub	bli_thread_range_weighted_sub
bli_thread_range_width_l	bli_thread_range_width_l
bli_thread_reset	bli_thread_reset
bli_thread_set_num_threads	bli_thread_set_num_threads
bli_thread_set_thread_impl	bli_thread_set_thread_impl
bli_thread_set_ways	bli_thread_set_ways
bli_thrinfo_am_chief	bli_thrinfo_am_chief
bli_thrinfo_attach_sub_node	bli_thrinfo_attach_sub_node
bli_thrinfo_barrier	bli_thrinfo_barrier
bli_thrinfo_comm	bli_thrinfo_comm
bli_thrinfo_create	bli_thrinfo_create
bli_thrinfo_create_root	bli_thrinfo_create_root
bli_thrinfo_free	bli_thrinfo_free
bli_thrinfo_mem	bli_thrinfo_mem
bli_thrinfo_n_way	bli_thrinfo_n_way
bli_thrinfo_needs_free_comm	bli_thrinfo_needs_free_comm
bli_thrinfo_num_threads	bli_thrinfo_num_threads
bli_thrinfo_pba	bli_thrinfo_pba
bli_thrinfo_print	bli_thrinfo_print
bli_thrinfo_print_sub	bli_thrinfo_print_sub
bli_thrinfo_sba_pool	bli_thrinfo_sba_pool
bli_thrinfo_set_comm	bli_thrinfo_set_comm
bli_thrinfo_set_free_comm	bli_thrinfo_set_free_comm
bli_thrinfo_set_n_way	bli_thrinfo_set_n_way
bli_thrinfo_set_pba	bli_thrinfo_set_pba
bli_thrinfo_set_sba_pool	bli_thrinfo_set_sba_pool
bli_thrinfo_set_sub_node	bli_thrinfo_set_sub_node
bli_thrinfo_set_thread_id	bli_thrinfo_set_thread_id
bli_thrinfo_set_work_id	bli_thrinfo_set_work_id
bli_thrinfo_split	bli_thrinfo_split
bli_thrinfo_sub_node	bli_thrinfo_sub_node
bli_thrinfo_thread_id	bli_thrinfo_thread_id
bli_thrinfo_work_id	bli_thrinfo_work_id
bli_toggle_bool	bli_toggle_bool
bli_toggle_conj	bli_toggle_conj
bli_toggle_dim	bli_toggle_dim
bli_toggle_side	bli_toggle_side
bli_toggle_trans	bli_toggle_trans
bli_toggle_uplo	bli_toggle_uplo
bli_trans_toggled	bli_trans_toggled
bli_trans_toggled_conj	bli_trans_toggled_conj
bli_trmm	bli_trmm
bli_trmm3	bli_trmm3
bli_trmm3_check	bli_trmm3_check
bli_trmm3_ex	bli_trmm3_ex
bli_trmm3ind_find_avail	bli_trmm3ind_find_avail
bli_trmm_check	bli_trmm_check
bli_trmm_ex	bli_trmm_ex
bli_trmm_ll_ker_var2	bli_trmm_ll_ker_var2
bli_trmm_ll_ker_var2b	bli_trmm_ll_ker_var2b
bli_trmm_lu_ker_var2	bli_trmm_lu_ker_var2
bli_trmm_lu_ker_var2b	bli_trmm_lu_ker_var2b
bli_trmm_rl_ker_var2	bli_trmm_rl_ker_var2
bli_trmm_rl_ker_var2b	bli_trmm_rl_ker_var2b
bli_trmm_ru_ker_var2	bli_trmm_ru_ker_var2
bli_trmm_ru_ker_var2b	bli_trmm_ru_ker_var2b
bli_trmmind_find_avail	bli_trmmind_find_avail
bli_trmv	bli_trmv
bli_trmv_check	bli_trmv_check
bli_trmv_ex	bli_trmv_ex
bli_trmv_ex_qfp	bli_trmv_ex_qfp
bli_trmv_l_blk_var1	bli_trmv_l_blk_var1
bli_trmv_l_blk_var2	bli_trmv_l_blk_var2
bli_trmv_u_blk_var1	bli_trmv_u_blk_var1
bli_trmv_u_blk_var2	bli_trmv_u_blk_var2
bli_trmv_unb_var1	bli_trmv_unb_var1
bli_trmv_unb_var1_qfp	bli_trmv_unb_var1_qfp
bli_trmv_unb_var2	bli_trmv_unb_var2
bli_trmv_unb_var2_qfp	bli_trmv_unb_var2_qfp
bli_trmv_unf_var1	bli_trmv_unf_var1
bli_trmv_unf_var1_qfp	bli_trmv_unf_var1_qfp
bli_trmv_unf_var2	bli_trmv_unf_var2
bli_trmv_unf_var2_qfp	bli_trmv_unf_var2_qfp
bli_trsm	bli_trsm
bli_trsm_basic_check	bli_trsm_basic_check
bli_trsm_blk_var1	bli_trsm_blk_var1
bli_trsm_blk_var2	bli_trsm_blk_var2
bli_trsm_blk_var3	bli_trsm_blk_var3
bli_trsm_check	bli_trsm_check
bli_trsm_cntl_finalize	bli_trsm_cntl_finalize
bli_trsm_cntl_gemm_ukr	bli_trsm_cntl_gemm_ukr
bli_trsm_cntl_gemmtrsm_ukr	bli_trsm_cntl_gemmtrsm_ukr
bli_trsm_cntl_init	bli_trsm_cntl_init
bli_trsm_cntl_kc_def	bli_trsm_cntl_kc_def
bli_trsm_cntl_kc_max	bli_trsm_cntl_kc_max
bli_trsm_cntl_mc_def	bli_trsm_cntl_mc_def
bli_trsm_cntl_mc_max	bli_trsm_cntl_mc_max
bli_trsm_cntl_mr_def	bli_trsm_cntl_mr_def
bli_trsm_cntl_mr_pack	bli_trsm_cntl_mr_pack
bli_trsm_cntl_nc_def	bli_trsm_cntl_nc_def
bli_trsm_cntl_nc_max	bli_trsm_cntl_nc_max
bli_trsm_cntl_nr_def	bli_trsm_cntl_nr_def
bli_trsm_cntl_nr_pack	bli_trsm_cntl_nr_pack
bli_trsm_cntl_packa_params	bli_trsm_cntl_packa_params
bli_trsm_cntl_packa_schema	bli_trsm_cntl_packa_schema
bli_trsm_cntl_packa_ukr	bli_trsm_cntl_packa_ukr
bli_trsm_cntl_packa_var	bli_trsm_cntl_packa_var
bli_trsm_cntl_packb_params	bli_trsm_cntl_packb_params
bli_trsm_cntl_packb_schema	bli_trsm_cntl_packb_schema
bli_trsm_cntl_packb_ukr	bli_trsm_cntl_packb_ukr
bli_trsm_cntl_packb_var	bli_trsm_cntl_packb_var
bli_trsm_cntl_params	bli_trsm_cntl_params
bli_trsm_cntl_row_pref	bli_trsm_cntl_row_pref
bli_trsm_cntl_set_gemm_ukr	bli_trsm_cntl_set_gemm_ukr
bli_trsm_cntl_set_gemm_ukr_simple	bli_trsm_cntl_set_gemm_ukr_simple
bli_trsm_cntl_set_gemmtrsm_ukr	bli_trsm_cntl_set_gemmtrsm_ukr
bli_trsm_cntl_set_gemmtrsm_ukr_simple	bli_trsm_cntl_set_gemmtrsm_ukr_simple
bli_trsm_cntl_set_kc	bli_trsm_cntl_set_kc
bli_trsm_cntl_set_mc	bli_trsm_cntl_set_mc
bli_trsm_cntl_set_mr	bli_trsm_cntl_set_mr
bli_trsm_cntl_set_mr_bcast	bli_trsm_cntl_set_mr_bcast
bli_trsm_cntl_set_nc	bli_trsm_cntl_set_nc
bli_trsm_cntl_set_nr	bli_trsm_cntl_set_nr
bli_trsm_cntl_set_nr_bcast	bli_trsm_cntl_set_nr_bcast
bli_trsm_cntl_set_packa_schema	bli_trsm_cntl_set_packa_schema
bli_trsm_cntl_set_packa_ukr	bli_trsm_cntl_set_packa_ukr
bli_trsm_cntl_set_packa_ukr_simple	bli_trsm_cntl_set_packa_ukr_simple
bli_trsm_cntl_set_packa_var	bli_trsm_cntl_set_packa_var
bli_trsm_cntl_set_packb_schema	bli_trsm_cntl_set_packb_schema
bli_trsm_cntl_set_packb_ukr	bli_trsm_cntl_set_packb_ukr
bli_trsm_cntl_set_packb_ukr_simple	bli_trsm_cntl_set_packb_ukr_simple
bli_trsm_cntl_set_packb_var	bli_trsm_cntl_set_packb_var
bli_trsm_cntl_set_row_pref	bli_trsm_cntl_set_row_pref
bli_trsm_cntl_set_var	bli_trsm_cntl_set_var
bli_trsm_cntl_var	bli_trsm_cntl_var
bli_trsm_ex	bli_trsm_ex
bli_trsm_l_cntl_init	bli_trsm_l_cntl_init
bli_trsm_l_ukernel_qfp	bli_trsm_l_ukernel_qfp
bli_trsm_ll_ker_var2	bli_trsm_ll_ker_var2
bli_trsm_lu_ker_var2	bli_trsm_lu_ker_var2
bli_trsm_r_cntl_init	bli_trsm_r_cntl_init
bli_trsm_rl_ker_var2	bli_trsm_rl_ker_var2
bli_trsm_ru_ker_var2	bli_trsm_ru_ker_var2
bli_trsm_u_ukernel_qfp	bli_trsm_u_ukernel_qfp
bli_trsm_ukernel	bli_trsm_ukernel
bli_trsm_var_cntl_gemm_ukr	bli_trsm_var_cntl_gemm_ukr
bli_trsm_var_cntl_gemmtrsm_ukr	bli_trsm_var_cntl_gemmtrsm_ukr
bli_trsm_var_cntl_init_node	bli_trsm_var_cntl_init_node
bli_trsm_var_cntl_mr	bli_trsm_var_cntl_mr
bli_trsm_var_cntl_mr_bcast	bli_trsm_var_cntl_mr_bcast
bli_trsm_var_cntl_mr_pack	bli_trsm_var_cntl_mr_pack
bli_trsm_var_cntl_nr	bli_trsm_var_cntl_nr
bli_trsm_var_cntl_nr_bcast	bli_trsm_var_cntl_nr_bcast
bli_trsm_var_cntl_nr_pack	bli_trsm_var_cntl_nr_pack
bli_trsm_var_cntl_params	bli_trsm_var_cntl_params
bli_trsm_var_cntl_real_gemm_ukr	bli_trsm_var_cntl_real_gemm_ukr
bli_trsm_var_cntl_real_params	bli_trsm_var_cntl_real_params
bli_trsm_var_cntl_row_pref	bli_trsm_var_cntl_row_pref
bli_trsm_var_cntl_set_gemm_ukr	bli_trsm_var_cntl_set_gemm_ukr
bli_trsm_var_cntl_set_gemm_ukr_simple	bli_trsm_var_cntl_set_gemm_ukr_simple
bli_trsm_var_cntl_set_gemmtrsm_ukr	bli_trsm_var_cntl_set_gemmtrsm_ukr
bli_trsm_var_cntl_set_gemmtrsm_ukr_simple	bli_trsm_var_cntl_set_gemmtrsm_ukr_simple
bli_trsm_var_cntl_set_mr	bli_trsm_var_cntl_set_mr
bli_trsm_var_cntl_set_mr_bcast	bli_trsm_var_cntl_set_mr_bcast
bli_trsm_var_cntl_set_mr_pack	bli_trsm_var_cntl_set_mr_pack
bli_trsm_var_cntl_set_nr	bli_trsm_var_cntl_set_nr
bli_trsm_var_cntl_set_nr_bcast	bli_trsm_var_cntl_set_nr_bcast
bli_trsm_var_cntl_set_nr_pack	bli_trsm_var_cntl_set_nr_pack
bli_trsm_var_cntl_set_real_gemm_ukr	bli_trsm_var_cntl_set_real_gemm_ukr
bli_trsm_var_cntl_set_real_gemm_ukr_simple	bli_trsm_var_cntl_set_real_gemm_ukr_simple
bli_trsm_var_cntl_set_row_pref	bli_trsm_var_cntl_set_row_pref
bli_trsmind_find_avail	bli_trsmind_find_avail
bli_trsv	bli_trsv
bli_trsv_check	bli_trsv_check
bli_trsv_ex	bli_trsv_ex
bli_trsv_ex_qfp	bli_trsv_ex_qfp
bli_trsv_l_blk_var1	bli_trsv_l_blk_var1
bli_trsv_l_blk_var2	bli_trsv_l_blk_var2
bli_trsv_u_blk_var1	bli_trsv_u_blk_var1
bli_trsv_u_blk_var2	bli_trsv_u_blk_var2
bli_trsv_unb_var1	bli_trsv_unb_var1
bli_trsv_unb_var1_qfp	bli_trsv_unb_var1_qfp
bli_trsv_unb_var2	bli_trsv_unb_var2
bli_trsv_unb_var2_qfp	bli_trsv_unb_var2_qfp
bli_trsv_unf_var1	bli_trsv_unf_var1
bli_trsv_unf_var1_qfp	bli_trsv_unf_var1_qfp
bli_trsv_unf_var2	bli_trsv_unf_var2
bli_trsv_unf_var2_qfp	bli_trsv_unf_var2_qfp
bli_unpackm_blk_var1	bli_unpackm_blk_var1
bli_unpackm_cntl_init_node	bli_unpackm_cntl_init_node
bli_unpackm_int	bli_unpackm_int
bli_unpackm_int_check	bli_unpackm_int_check
bli_unzipsc	bli_unzipsc
bli_unzipsc_check	bli_unzipsc_check
bli_unzipsc_qfp	bli_unzipsc_qfp
bli_uplo_toggled	bli_uplo_toggled
bli_utilm_mkhst_check	bli_utilm_mkhst_check
bli_utilm_norm_check	bli_utilm_norm_check
bli_utilm_rand_check	bli_utilm_rand_check
bli_utilv_norm_check	bli_utilv_norm_check
bli_utilv_sumsqv_check	bli_utilv_sumsqv_check
bli_utilv_xa_check	bli_utilv_xa_check
bli_utilv_xi_check	bli_utilv_xi_check
bli_vector_dim	bli_vector_dim
bli_vector_inc	bli_vector_inc
bli_xpbyd	bli_xpbyd
bli_xpbyd_check	bli_xpbyd_check
bli_xpbyd_ex	bli_xpbyd_ex
bli_xpbyd_ex_qfp	bli_xpbyd_ex_qfp
bli_xpbym	bli_xpbym
bli_xpbym_check	bli_xpbym_check
bli_xpbym_ex	bli_xpbym_ex
bli_xpbym_ex_qfp	bli_xpbym_ex_qfp
bli_xpbym_md	bli_xpbym_md
bli_xpbym_md_ex	bli_xpbym_md_ex
bli_xpbym_md_ex_qfp2	bli_xpbym_md_ex_qfp2
bli_xpbyv	bli_xpbyv
bli_xpbyv_check	bli_xpbyv_check
bli_xpbyv_ex	bli_xpbyv_ex
bli_xpbyv_ex_qfp	bli_xpbyv_ex_qfp
bli_xxmv_check	bli_xxmv_check
bli_xxr_check	bli_xxr_check
bli_zero_dim1	bli_zero_dim1
bli_zero_dim2	bli_zero_dim2
bli_zero_dim3	bli_zero_dim3
bli_zipsc	bli_zipsc
bli_zipsc_check	bli_zipsc_check
bli_zipsc_qfp	bli_zipsc_qfp
